구분,과정구분,대계열,대계열코드,중계열,중계열코드,소계열,소계열코드,학과명,학과코드
가,전문대학과정,인문계열,1,언어ㆍ문학,101,일본어,10101,관광비즈니스일어학과,C01010100051
가,전문대학과정,인문계열,1,언어ㆍ문학,101,중국어,10102,글로벌중국어과,C01010200061
가,전문대학과정,인문계열,1,인문과학,102,문화,10202,민족문화학과,C01020200035
가,전문대학과정,인문계열,1,인문과학,102,문화,10202,여가문화컨텐츠과,C01020200036
가,전문대학과정,인문계열,1,인문과학,102,인문일반,10203,기초교양과,C01020300044
가,전문대학과정,인문계열,1,인문과학,102,인문일반,10203,창의융합계열,C01020300045
가,전문대학과정,사회계열,2,경영ㆍ경제,201,경영ㆍ경제,20101,경영회계실무과,C02010100658
가,전문대학과정,사회계열,2,경영ㆍ경제,201,경영ㆍ경제,20101,서비스컨설팅과,C02010100659
가,전문대학과정,사회계열,2,경영ㆍ경제,201,경영ㆍ경제,20101,IT경영학과,C02010100660
가,전문대학과정,사회계열,2,경영ㆍ경제,201,경영ㆍ경제,20101,경영유통과,C02010100661
가,전문대학과정,사회계열,2,경영ㆍ경제,201,경영ㆍ경제,20101,스마트경영학부,C02010100662
가,전문대학과정,사회계열,2,경영ㆍ경제,201,경영ㆍ경제,20101,병원의료경영과,C02010100663
가,전문대학과정,사회계열,2,경영ㆍ경제,201,경영ㆍ경제,20101,산업경영학부,C02010100664
가,전문대학과정,사회계열,2,경영ㆍ경제,201,경영ㆍ경제,20101,휴먼케어학부,C02010100665
가,전문대학과정,사회계열,2,경영ㆍ경제,201,관광,20102,국제관광조리계열,C02010200249
가,전문대학과정,사회계열,2,경영ㆍ경제,201,관광,20102,호텔관광・항공계열,C02010200250
가,전문대학과정,사회계열,2,경영ㆍ경제,201,관광,20102,글로벌관광과,C02010200251
가,전문대학과정,사회계열,2,경영ㆍ경제,201,관광,20102,관광비즈니스과(관광마케팅전공),C02010200252
가,전문대학과정,사회계열,2,경영ㆍ경제,201,관광,20102,관광비즈니스과(관광서비스전공),C02010200253
가,전문대학과정,사회계열,2,경영ㆍ경제,201,관광,20102,호텔항공서비스과,C02010200254
가,전문대학과정,사회계열,2,경영ㆍ경제,201,관광,20102,카지노 & Surveillance과,C02010200255
가,전문대학과정,사회계열,2,경영ㆍ경제,201,관광,20102,호텔크루즈서비스학과,C02010200256
가,전문대학과정,사회계열,2,경영ㆍ경제,201,관광,20102,호텔크루즈서비스학부,C02010200257
가,전문대학과정,사회계열,2,경영ㆍ경제,201,금융·회계·세무,20103,금융비즈니스과,C02010300119
가,전문대학과정,사회계열,2,경영ㆍ경제,201,금융·회계·세무,20103,금융회계경영과,C02010300120
가,전문대학과정,사회계열,2,경영ㆍ경제,201,금융·회계·세무,20103,유통경영과(금융경영전공),C02010300121
가,전문대학과정,사회계열,2,경영ㆍ경제,201,금융·회계·세무,20103,경영세무정보학부,C02010300122
가,전문대학과정,사회계열,2,경영ㆍ경제,201,금융·회계·세무,20103,세무회계부동산과,C02010300123
가,전문대학과정,사회계열,2,경영ㆍ경제,201,금융·회계·세무,20103,회계경영과,C02010300124
가,전문대학과정,사회계열,2,경영ㆍ경제,201,금융·회계·세무,20103,세무회계경영과,C02010300125
가,전문대학과정,사회계열,2,경영ㆍ경제,201,무역·유통,20104,유통경영과(유통물류전공),C02010400102
가,전문대학과정,사회계열,2,법률,202,법,20201,자산법률학과,C02020100016
가,전문대학과정,사회계열,2,사회과학,203,가족ㆍ사회ㆍ복지,20301,의료복지학과,C02030100257
가,전문대학과정,사회계열,2,사회과학,203,가족ㆍ사회ㆍ복지,20301,노인케어창업과,C02030100258
가,전문대학과정,사회계열,2,사회과학,203,가족ㆍ사회ㆍ복지,20301,사회복지학과(1년제),C02030100259
가,전문대학과정,사회계열,2,사회과학,203,가족ㆍ사회ㆍ복지,20301,아동미술상담보육과,C02030100260
가,전문대학과정,사회계열,2,사회과학,203,가족ㆍ사회ㆍ복지,20301,실용사회복지과,C02030100261
가,전문대학과정,사회계열,2,사회과학,203,가족ㆍ사회ㆍ복지,20301,아동보육청소년과,C02030100262
가,전문대학과정,사회계열,2,사회과학,203,가족ㆍ사회ㆍ복지,20301,사회복지학과(1년),C02030100263
가,전문대학과정,사회계열,2,사회과학,203,가족ㆍ사회ㆍ복지,20301,사회복지계열(사회복지전공),C02030100264
가,전문대학과정,사회계열,2,사회과학,203,가족ㆍ사회ㆍ복지,20301,사회복지계열(재활상담복지전공),C02030100265
가,전문대학과정,사회계열,2,사회과학,203,가족ㆍ사회ㆍ복지,20301,특수재활복지학과,C02030100266
가,전문대학과정,사회계열,2,사회과학,203,가족ㆍ사회ㆍ복지,20301,사회복지심리상담과,C02030100267
가,전문대학과정,사회계열,2,사회과학,203,가족ㆍ사회ㆍ복지,20301,스마트평생복지학부,C02030100268
가,전문대학과정,사회계열,2,사회과학,203,가족ㆍ사회ㆍ복지,20301,융복합웰니스학부,C02030100269
가,전문대학과정,사회계열,2,사회과학,203,가족ㆍ사회ㆍ복지,20301,휴먼사회복지학부,C02030100270
가,전문대학과정,사회계열,2,사회과학,203,가족ㆍ사회ㆍ복지,20301,복수자율전공학부,C02030100271
가,전문대학과정,사회계열,2,사회과학,203,가족ㆍ사회ㆍ복지,20301,웰빙복지융합과,C02030100272
가,전문대학과정,사회계열,2,사회과학,203,가족ㆍ사회ㆍ복지,20301,가족복지상담과,C02030100273
가,전문대학과정,사회계열,2,사회과학,203,가족ㆍ사회ㆍ복지,20301,사회복지상담학부,C02030100274
가,전문대학과정,사회계열,2,사회과학,203,가족ㆍ사회ㆍ복지,20301,아동보육복지학부,C02030100275
가,전문대학과정,사회계열,2,사회과학,203,가족ㆍ사회ㆍ복지,20301,청소년복지상담학부,C02030100276
가,전문대학과정,사회계열,2,사회과학,203,가족ㆍ사회ㆍ복지,20301,평생교육복지학부,C02030100277
가,전문대학과정,사회계열,2,사회과학,203,가족ㆍ사회ㆍ복지,20301,평생직업복지학부,C02030100278
가,전문대학과정,사회계열,2,사회과학,203,비서,20302,비서경영과(2년제),C02030200032
가,전문대학과정,사회계열,2,사회과학,203,언론·방송,20303,미디어출판학과,C02030300091
가,전문대학과정,사회계열,2,사회과학,203,행정,20304,경찰행정보안과,C02030400238
가,전문대학과정,사회계열,2,사회과학,203,행정,20304,국방기술계열,C02030400239
가,전문대학과정,사회계열,2,사회과학,203,행정,20304,경찰경호군사과(경찰경호・부사관),C02030400240
가,전문대학과정,사회계열,2,사회과학,203,행정,20304,보건의료행정전공,C02030400241
가,전문대학과정,사회계열,2,사회과학,203,행정,20304,스마트속기과,C02030400242
가,전문대학과정,사회계열,2,사회과학,203,행정,20304,행정경찰과,C02030400243
가,전문대학과정,교육계열,3,유아교육,302,유아교육,30201,아동복지보육과(3년제),C03020100075
가,전문대학과정,교육계열,3,유아교육,302,유아교육,30201,유아보육계열,C03020100076
가,전문대학과정,공학계열,4,건축,401,건축ㆍ설비,40101,건축설비소방공학과(1년),C04010100065
가,전문대학과정,공학계열,4,건축,401,건축ㆍ설비,40101,건축기계설비과(2년제),C04010100066
가,전문대학과정,공학계열,4,건축,401,건축ㆍ설비,40101,건축공학과(1년과정),C04010100067
가,전문대학과정,공학계열,4,건축,401,건축,40102,실내환경디자인학과,C04010200105
가,전문대학과정,공학계열,4,토목ㆍ도시,402,건설,40201,도시공간디자인과,C04020100053
가,전문대학과정,공학계열,4,토목ㆍ도시,402,토목,40202,도시건설정보공학과,C04020200057
가,전문대학과정,공학계열,4,토목ㆍ도시,402,토목,40202,도시건설정보과,C04020200058
가,전문대학과정,공학계열,4,교통ㆍ운송,403,지상교통,40301,철도운전시스템과,C04030100024
가,전문대학과정,공학계열,4,교통ㆍ운송,403,항공,40302,항공기계IT계열,C04030200034
가,전문대학과정,공학계열,4,교통ㆍ운송,403,항공,40302,항공전자정비과,C04030200035
가,전문대학과정,공학계열,4,교통ㆍ운송,403,항공,40302,드론과,C04030200036
가,전문대학과정,공학계열,4,교통ㆍ운송,403,해양,40303,해군기술부사관학과(함정무장),C04030300070
가,전문대학과정,공학계열,4,교통ㆍ운송,403,해양,40303,해군기술부사관학과(함정운용),C04030300071
가,전문대학과정,공학계열,4,교통ㆍ운송,403,해양,40303,조선용접과,C04030300072
가,전문대학과정,공학계열,4,교통ㆍ운송,403,해양,40303,함정기술부사관과,C04030300073
가,전문대학과정,공학계열,4,교통ㆍ운송,403,해양,40303,해양수중부사관과,C04030300074
가,전문대학과정,공학계열,4,교통ㆍ운송,403,해양,40303,요트디자인융합과,C04030300075
가,전문대학과정,공학계열,4,기계ㆍ금속,404,기계,40401,사출금형과,C04040100169
가,전문대학과정,공학계열,4,기계ㆍ금속,404,기계,40401,조선자동차항공기계계열,C04040100170
가,전문대학과정,공학계열,4,기계ㆍ금속,404,기계,40401,금형디자인과(정밀금형),C04040100171
가,전문대학과정,공학계열,4,기계ㆍ금속,404,기계,40401,기계시스템과(ICT기계가공),C04040100172
가,전문대학과정,공학계열,4,기계ㆍ금속,404,기계,40401,기계조선공학과,C04040100173
가,전문대학과정,공학계열,4,기계ㆍ금속,404,기계,40401,융합기계공학과,C04040100174
가,전문대학과정,공학계열,4,기계ㆍ금속,404,기계,40401,IT융합기계자동화과,C04040100175
가,전문대학과정,공학계열,4,기계ㆍ금속,404,기계,40401,스마트금형/CAM과,C04040100176
가,전문대학과정,공학계열,4,기계ㆍ금속,404,기계,40401,기계산업설비과,C04040100177
가,전문대학과정,공학계열,4,기계ㆍ금속,404,기계,40401,컴퓨터응용기계설계과(ICT기계가공),C04040100178
가,전문대학과정,공학계열,4,기계ㆍ금속,404,기계,40401,산업기계공학과,C04040100179
가,전문대학과정,공학계열,4,기계ㆍ금속,404,금속,40402,산업설비(스마트설비),C04040200015
가,전문대학과정,공학계열,4,기계ㆍ금속,404,자동차,40403,글로벌자동차과,C04040300092
가,전문대학과정,공학계열,4,기계ㆍ금속,404,자동차,40403,스마트자동차공학과,C04040300093
가,전문대학과정,공학계열,4,기계ㆍ금속,404,자동차,40403,자동차 ・드론과,C04040300094
가,전문대학과정,공학계열,4,기계ㆍ금속,404,자동차,40403,자동차기계융합과,C04040300095
가,전문대학과정,공학계열,4,전기ㆍ전자,405,전기,40501,스마트전기전자공학과,C04050100082
가,전문대학과정,공학계열,4,전기ㆍ전자,405,전기,40501,전기전자제어과,C04050100083
가,전문대학과정,공학계열,4,전기ㆍ전자,405,전자,40502,전자통신컴퓨터공학부,C04050200124
가,전문대학과정,공학계열,4,전기ㆍ전자,405,전자,40502,융합전자과,C04050200125
가,전문대학과정,공학계열,4,전기ㆍ전자,405,전자,40502,디스플레이시스템공학과,C04050200126
가,전문대학과정,공학계열,4,전기ㆍ전자,405,전자,40502,헬스케어전자,C04050200127
가,전문대학과정,공학계열,4,전기ㆍ전자,405,전자,40502,헬스케어전자과,C04050200128
가,전문대학과정,공학계열,4,전기ㆍ전자,405,제어계측,40503,자동화기계공학과,C04050300037
가,전문대학과정,공학계열,4,전기ㆍ전자,405,제어계측,40503,스마트팩토리과,C04050300038
가,전문대학과정,공학계열,4,전기ㆍ전자,405,제어계측,40503,방공부사관과,C04050300039
가,전문대학과정,공학계열,4,전기ㆍ전자,405,제어계측,40503,지능로봇공학과(1년과정),C04050300040
가,전문대학과정,공학계열,4,정밀ㆍ에너지,406,광학·에너지,40601,에너지전기과,C04060100031
가,전문대학과정,공학계열,4,정밀ㆍ에너지,406,광학·에너지,40601,안경광학과(2년제),C04060100032
가,전문대학과정,공학계열,4,소재ㆍ재료,407,섬유,40702,섬유패션비즈니스학과,C04070200038
가,전문대학과정,공학계열,4,소재ㆍ재료,407,재료,40704,탄소융합기계과,C04070400013
가,전문대학과정,공학계열,4,컴퓨터ㆍ통신,408,전산·컴퓨터,40801,컴퓨터시스템공학과,C04080100212
가,전문대학과정,공학계열,4,컴퓨터ㆍ통신,408,전산·컴퓨터,40801,스마트소프트웨어학과,C04080100213
가,전문대학과정,공학계열,4,컴퓨터ㆍ통신,408,전산·컴퓨터,40801,컴퓨터응용전자과,C04080100214
가,전문대학과정,공학계열,4,컴퓨터ㆍ통신,408,전산·컴퓨터,40801,멀티미디어프로그래밍전공,C04080100215
가,전문대학과정,공학계열,4,컴퓨터ㆍ통신,408,전산·컴퓨터,40801,디지털방송콘텐츠과,C04080100216
가,전문대학과정,공학계열,4,컴퓨터ㆍ통신,408,응용소프트웨어,40802,비주얼게임컨텐츠과,C04080200130
가,전문대학과정,공학계열,4,컴퓨터ㆍ통신,408,응용소프트웨어,40802,융합소프트웨어과,C04080200131
가,전문대학과정,공학계열,4,컴퓨터ㆍ통신,408,응용소프트웨어,40802,스마트정보전공,C04080200132
가,전문대학과정,공학계열,4,컴퓨터ㆍ통신,408,응용소프트웨어,40802,소프트웨어공학과,C04080200133
가,전문대학과정,공학계열,4,컴퓨터ㆍ통신,408,응용소프트웨어,40802,IT・콘텐츠계열,C04080200134
가,전문대학과정,공학계열,4,컴퓨터ㆍ통신,408,응용소프트웨어,40802,융합소프트웨어학과,C04080200135
가,전문대학과정,공학계열,4,컴퓨터ㆍ통신,408,응용소프트웨어,40802,소프트웨어콘텐츠과,C04080200136
가,전문대학과정,공학계열,4,컴퓨터ㆍ통신,408,정보ㆍ통신,40803,정보보안학과,C04080390199
가,전문대학과정,공학계열,4,컴퓨터ㆍ통신,408,정보ㆍ통신,40803,스마트무인항공과,C04080390200
가,전문대학과정,공학계열,4,컴퓨터ㆍ통신,408,정보ㆍ통신,40803,스마트융합제어과,C04080390201
가,전문대학과정,공학계열,4,컴퓨터ㆍ통신,408,정보ㆍ통신,40803,정보보호과,C04080390202
가,전문대학과정,공학계열,4,컴퓨터ㆍ통신,408,정보ㆍ통신,40803,인터넷응용보안공학과,C04080390203
가,전문대학과정,공학계열,4,컴퓨터ㆍ통신,408,정보ㆍ통신,40803,사이버보안학과,C04080390204
가,전문대학과정,공학계열,4,컴퓨터ㆍ통신,408,정보ㆍ통신,40803,IT융합제어과,C04080390205
가,전문대학과정,공학계열,4,컴퓨터ㆍ통신,408,정보ㆍ통신,40803,사이버보안과(3년제),C04080390206
가,전문대학과정,공학계열,4,산업,409,산업공학,40901,안전및산업경영과,C04090100035
가,전문대학과정,공학계열,4,산업,409,산업공학,40901,스마트생산물류공학과,C04090100036
가,전문대학과정,공학계열,4,화공,410,화학공학,41001,생명화학공학과,C04100100026
가,전문대학과정,공학계열,4,화공,410,화학공학,41001,생명화공학과,C04100100027
가,전문대학과정,공학계열,4,기타,411,기전공학,41101,스마트로봇자동화과,C04110100056
가,전문대학과정,공학계열,4,기타,411,응용공학,41102,그래픽아츠과,C04110200137
가,전문대학과정,공학계열,4,기타,411,응용공학,41102,그래픽아츠학과,C04110200138
가,전문대학과정,공학계열,4,기타,411,응용공학,41102,디자인융합학과,C04110200139
가,전문대학과정,공학계열,4,기타,411,응용공학,41102,소방안전・전기전자계열(3년제),C04110200140
가,전문대학과정,공학계열,4,기타,411,응용공학,41102,산업안전보건학과,C04110200141
가,전문대학과정,공학계열,4,기타,411,응용공학,41102,재난건설안전과,C04110200142
가,전문대학과정,공학계열,4,기타,411,응용공학,41102,3D프린팅융합디자인과,C04110200143
가,전문대학과정,자연계열,5,농림ㆍ수산,501,농수산,50101,해양생물양식과,C05010100038
가,전문대학과정,자연계열,5,농림ㆍ수산,501,농수산,50101,애완동물학부동물관리전공,C05010100039
가,전문대학과정,자연계열,5,농림ㆍ수산,501,농수산,50101,애완동물학부애견미용전공,C05010100040
가,전문대학과정,자연계열,5,농림ㆍ수산,501,농수산,50101,애완동물학부애견의료전공,C05010100041
가,전문대학과정,자연계열,5,농림ㆍ수산,501,농수산,50101,평생학습힐빙계열,C05010100042
가,전문대학과정,자연계열,5,농림ㆍ수산,501,농수산,50101,곤충산업과,C05010100043
가,전문대학과정,자연계열,5,생물ㆍ화학ㆍ환경,502,생물,50201,식품제약과,C05020100087
가,전문대학과정,자연계열,5,생물ㆍ화학ㆍ환경,502,자원,50202,약재자원학과,C05020200038
가,전문대학과정,자연계열,5,생물ㆍ화학ㆍ환경,502,환경,50203,청정환경공학과,C05020300095
가,전문대학과정,자연계열,5,생물ㆍ화학ㆍ환경,502,환경,50203,보건환경학과,C05020300096
가,전문대학과정,자연계열,5,생물ㆍ화학ㆍ환경,502,환경,50203,바이오환경보건과,C05020300097
가,전문대학과정,자연계열,5,생물ㆍ화학ㆍ환경,502,환경,50203,생명환경공학과,C05020300098
가,전문대학과정,자연계열,5,생물ㆍ화학ㆍ환경,502,환경,50203,환경산업과,C05020300099
가,전문대학과정,자연계열,5,생활과학,503,식품·조리,50302,관광호텔조리학부,C05030200352
가,전문대학과정,자연계열,5,생활과학,503,식품·조리,50302,외식조리테크과,C05030200353
가,전문대학과정,자연계열,5,생활과학,503,식품·조리,50302,호텔조리식품영양계열,C05030200354
가,전문대학과정,자연계열,5,생활과학,503,식품·조리,50302,조리서비스부사관과,C05030200355
가,전문대학과정,자연계열,5,생활과학,503,식품·조리,50302,식품영양학과(1년제),C05030200356
가,전문대학과정,자연계열,5,생활과학,503,식품·조리,50302,국제조리계열,C05030200357
가,전문대학과정,자연계열,5,생활과학,503,식품·조리,50302,바리스타제과제빵과,C05030200358
가,전문대학과정,자연계열,5,생활과학,503,식품·조리,50302,호텔조리제과제빵과(제과제빵전공),C05030200359
가,전문대학과정,자연계열,5,생활과학,503,식품·조리,50302,호텔조리제과제빵과(호텔조리전공),C05030200360
가,전문대학과정,자연계열,5,생활과학,503,식품·조리,50302,약선영양조리과,C05030200361
가,전문대학과정,자연계열,5,생활과학,503,식품·조리,50302,호텔외식산업과(자연),C05030200362
가,전문대학과정,자연계열,5,생활과학,503,식품·조리,50302,식품영양학과(1년과정),C05030200363
가,전문대학과정,자연계열,5,생활과학,503,식품·조리,50302,제과제빵바리스타음료과,C05030200364
가,전문대학과정,자연계열,5,생활과학,503,식품·조리,50302,글로벌제과제빵학부글로벌제과제빵전공,C05030200365
가,전문대학과정,자연계열,5,생활과학,503,식품·조리,50302,글로벌제과제빵학부일본제과제빵전공,C05030200366
가,전문대학과정,자연계열,5,생활과학,503,식품·조리,50302,외식조리학부아시아조리전공,C05030200367
가,전문대학과정,자연계열,5,생활과학,503,식품·조리,50302,외식조리학부외식조리전공,C05030200368
가,전문대학과정,자연계열,5,생활과학,503,식품·조리,50302,약용식품조리가공과,C05030200369
가,전문대학과정,자연계열,5,생활과학,503,식품·조리,50302,호텔조리제빵.차문화과,C05030200370
가,전문대학과정,자연계열,5,생활과학,503,식품·조리,50302,미래식품산업과,C05030200371
가,전문대학과정,자연계열,5,생활과학,503,의류·의상,50303,IT신발산업과,C05030300012
가,전문대학과정,의약계열,6,간호,601,간호,60101,간호학과(전공심화),C06010100009
가,전문대학과정,의약계열,6,치료ㆍ보건,602,보건,60201,산업보건응급구조학과,C06020100086
가,전문대학과정,의약계열,6,치료ㆍ보건,602,재활,60202,건강재활과,C06020200044
가,전문대학과정,의약계열,6,치료ㆍ보건,602,재활,60202,의료재활과,C06020200045
가,전문대학과정,의약계열,6,치료ㆍ보건,602,의무행정,60204,치과경영과,C06020400044
가,전문대학과정,예체능계열,7,디자인,701,산업디자인,70101,산업디자인과(3년제),C07010100051
가,전문대학과정,예체능계열,7,디자인,701,산업디자인,70101,패션워크디자인과,C07010100052
가,전문대학과정,예체능계열,7,디자인,701,시각디자인,70102,시각미디어디자인과(2년제),C07010200047
가,전문대학과정,예체능계열,7,디자인,701,패션디자인,70103,패션스타일리스트학과,C07010300069
가,전문대학과정,예체능계열,7,디자인,701,기타디자인,70104,디자인미술학부,C07010410002
가,전문대학과정,예체능계열,7,디자인,701,기타디자인,70104,토탈디자인계열,C07010410003
가,전문대학과정,예체능계열,7,디자인,701,기타디자인,70104,광고브랜드디자인학과,C07010410004
가,전문대학과정,예체능계열,7,디자인,701,기타디자인,70104,유니버설디자인과,C07010410005
가,전문대학과정,예체능계열,7,디자인,701,기타디자인,70104,시각애니메이션콘텐츠과,C07010410006
가,전문대학과정,예체능계열,7,응용예술,702,공예,70201,귀금속보석융합과,C07020100046
가,전문대학과정,예체능계열,7,응용예술,702,사진·만화,70202,드론사진영상과,C07020200079
가,전문대학과정,예체능계열,7,응용예술,702,사진·만화,70202,웹툰창작과,C07020200080
가,전문대학과정,예체능계열,7,응용예술,702,영상·예술,70203,방송연예영상계열,C07020310002
가,전문대학과정,예체능계열,7,응용예술,702,영상·예술,70203,영상무대디자인과,C07020310003
가,전문대학과정,예체능계열,7,응용예술,702,영상·예술,70203,신산업창조학부,C07020310004
가,전문대학과정,예체능계열,7,응용예술,702,뷰티아트,70204,젤리핏네일아트전공,C07020400279
가,전문대학과정,예체능계열,7,응용예술,702,뷰티아트,70204,바이오스킨케어과,C07020400280
가,전문대학과정,예체능계열,7,응용예술,702,뷰티아트,70204,뷰티헤어메이크업과,C07020400281
가,전문대학과정,예체능계열,7,응용예술,702,뷰티아트,70204,뷰티미용학과,C07020400282
가,전문대학과정,예체능계열,7,응용예술,702,뷰티아트,70204,뷰티매니지먼트과,C07020400283
가,전문대학과정,예체능계열,7,응용예술,702,뷰티아트,70204,미용학과,C07020400284
가,전문대학과정,예체능계열,7,응용예술,702,뷰티아트,70204,의료미용학과(1년제),C07020400285
가,전문대학과정,예체능계열,7,응용예술,702,뷰티아트,70204,피부건강관리전공,C07020400286
가,전문대학과정,예체능계열,7,응용예술,702,뷰티아트,70204,모델패션아트스쿨,C07020400287
가,전문대학과정,예체능계열,7,응용예술,702,뷰티아트,70204,모델패션아트학과,C07020400288
가,전문대학과정,예체능계열,7,응용예술,702,뷰티아트,70204,뷰티아트스쿨,C07020400289
가,전문대학과정,예체능계열,7,응용예술,702,뷰티아트,70204,피부미용과(자연과학),C07020400290
가,전문대학과정,예체능계열,7,응용예술,702,뷰티아트,70204,미용산업복지과,C07020400291
가,전문대학과정,예체능계열,7,응용예술,702,뷰티아트,70204,뷰티테라피과(2년),C07020400292
가,전문대학과정,예체능계열,7,응용예술,702,뷰티아트,70204,보건미용과(3년제),C07020400293
가,전문대학과정,예체능계열,7,무용ㆍ체육,703,무용,70301,글로벌실용무용과,C07030100012
가,전문대학과정,예체능계열,7,무용ㆍ체육,703,체육,70302,스포츠.경호과,C07030200296
가,전문대학과정,예체능계열,7,무용ㆍ체육,703,체육,70302,스포츠레저과(예체능계열),C07030200297
가,전문대학과정,예체능계열,7,무용ㆍ체육,703,체육,70302,레포츠・태권도과,C07030200298
가,전문대학과정,예체능계열,7,무용ㆍ체육,703,체육,70302,레포츠・태권도학과,C07030200299
가,전문대학과정,예체능계열,7,무용ㆍ체육,703,체육,70302,스포츠재활지도학과,C07030200300
가,전문대학과정,예체능계열,7,무용ㆍ체육,703,체육,70302,경호스포츠과학학과,C07030200301
가,전문대학과정,예체능계열,7,무용ㆍ체육,703,체육,70302,골프학과,C07030200302
가,전문대학과정,예체능계열,7,무용ㆍ체육,703,체육,70302,경찰무도과,C07030200303
가,전문대학과정,예체능계열,7,무용ㆍ체육,703,체육,70302,장애인레저스포츠과,C07030200304
가,전문대학과정,예체능계열,7,무용ㆍ체육,703,체육,70302,스포츠재활운동학과,C07030200305
가,전문대학과정,예체능계열,7,연극ㆍ영화,705,연극ㆍ영화,70501,연극영상학과,C07050100088
가,전문대학과정,예체능계열,7,음악,706,음악,70601,공연음악과,C07060100087
가,전문대학과정,예체능계열,7,음악,706,음악,70601,실용음악뮤지컬과,C07060100088
가,전문대학과정,예체능계열,7,음악,706,음악,70601,클래식공연예술과,C07060100089
가,전문대학과정,예체능계열,7,음악,706,음악,70601,클래식공연예술학과,C07060100090
나,4년제 대학,인문계열,1,언어ㆍ문학,101,국어ㆍ국문학,10102,한국어교육융복합전공,U01010200095
나,4년제 대학,인문계열,1,언어ㆍ문학,101,국어ㆍ국문학,10102,글로벌한국어전공,U01010200096
나,4년제 대학,인문계열,1,언어ㆍ문학,101,국어ㆍ국문학,10102,한국언어문화교육전공,U01010200097
나,4년제 대학,인문계열,1,언어ㆍ문학,101,국어ㆍ국문학,10102,Endicott 자유전공학과,U01010200098
나,4년제 대학,인문계열,1,언어ㆍ문학,101,국어ㆍ국문학,10102,동화미디어콘텐츠전공,U01010200099
나,4년제 대학,인문계열,1,언어ㆍ문학,101,국어ㆍ국문학,10102,한국어문콘텐츠전공,U01010200100
나,4년제 대학,인문계열,1,언어ㆍ문학,101,국어ㆍ국문학,10102,한국어/영어글로벌통상학과,U01010200101
나,4년제 대학,인문계열,1,언어ㆍ문학,101,국어ㆍ국문학,10102,한국어교원학전공,U01010200102
나,4년제 대학,인문계열,1,언어ㆍ문학,101,국어ㆍ국문학,10102,경영한국어전공,U01010200103
나,4년제 대학,인문계열,1,언어ㆍ문학,101,일본어ㆍ문학,10103,일본어통상통번역학과,U01010300070
나,4년제 대학,인문계열,1,언어ㆍ문학,101,일본어ㆍ문학,10103,관광일본어학전공,U01010300071
나,4년제 대학,인문계열,1,언어ㆍ문학,101,일본어ㆍ문학,10103,일본어권지역학전공,U01010300072
나,4년제 대학,인문계열,1,언어ㆍ문학,101,일본어ㆍ문학,10103,일본어문·문화학과,U01010300073
나,4년제 대학,인문계열,1,언어ㆍ문학,101,중국어ㆍ문학,10104,중국언어와문화학과,U01010400088
나,4년제 대학,인문계열,1,언어ㆍ문학,101,중국어ㆍ문학,10104,중국학부(중국어전공),U01010400089
나,4년제 대학,인문계열,1,언어ㆍ문학,101,중국어ㆍ문학,10104,중국어통상통번역학과,U01010400090
나,4년제 대학,인문계열,1,언어ㆍ문학,101,중국어ㆍ문학,10104,중국어권지역학전공,U01010400091
나,4년제 대학,인문계열,1,언어ㆍ문학,101,중국어ㆍ문학,10104,중국어문·문화학과,U01010400092
나,4년제 대학,인문계열,1,언어ㆍ문학,101,중국어ㆍ문학,10104,중국통상・문화학과,U01010400093
나,4년제 대학,인문계열,1,언어ㆍ문학,101,기타아시아어ㆍ문학,10105,베트남・인도네시아학부,U01010500048
나,4년제 대학,인문계열,1,언어ㆍ문학,101,기타아시아어ㆍ문학,10105,러시아・터키중앙아시아학부(터키・중앙아시아어전공),U01010500049
나,4년제 대학,인문계열,1,언어ㆍ문학,101,기타아시아어ㆍ문학,10105,인도학부(인도언어문화전공),U01010500050
나,4년제 대학,인문계열,1,언어ㆍ문학,101,기타아시아어ㆍ문학,10105,중동·지중해지역학부,U01010500051
나,4년제 대학,인문계열,1,언어ㆍ문학,101,영미어ㆍ문학,10106,영미학전공,U01010600138
나,4년제 대학,인문계열,1,언어ㆍ문학,101,영미어ㆍ문학,10106,영어영미지역학전공,U01010600139
나,4년제 대학,인문계열,1,언어ㆍ문학,101,영미어ㆍ문학,10106,교양영어교육부,U01010600140
나,4년제 대학,인문계열,1,언어ㆍ문학,101,영미어ㆍ문학,10106,영어통상통역학과,U01010600141
나,4년제 대학,인문계열,1,언어ㆍ문학,101,영미어ㆍ문학,10106,영어문화학전공,U01010600142
나,4년제 대학,인문계열,1,언어ㆍ문학,101,영미어ㆍ문학,10106,영어권지역학전공,U01010600143
나,4년제 대학,인문계열,1,언어ㆍ문학,101,독일어ㆍ문학,10107,유럽학부(독일언어문화전공),U01010700031
나,4년제 대학,인문계열,1,언어ㆍ문학,101,독일어ㆍ문학,10107,독일어권지역학전공,U01010700032
나,4년제 대학,인문계열,1,언어ㆍ문학,101,독일어ㆍ문학,10107,독일어문·문화학과,U01010700033
나,4년제 대학,인문계열,1,언어ㆍ문학,101,러시아어ㆍ문학,10108,러시아언어문화학과,U01010800025
나,4년제 대학,인문계열,1,언어ㆍ문학,101,러시아어ㆍ문학,10108,러시아·터키중앙아시아학부,U01010800026
나,4년제 대학,인문계열,1,언어ㆍ문학,101,러시아어ㆍ문학,10108,러시아・터키중앙아시아학부(러시아언어통상전공),U01010800027
나,4년제 대학,인문계열,1,언어ㆍ문학,101,러시아어ㆍ문학,10108,러시아어권지역학전공,U01010800028
나,4년제 대학,인문계열,1,언어ㆍ문학,101,프랑스어ㆍ문학,10110,유럽학부(프랑스언어문화전공),U01011000029
나,4년제 대학,인문계열,1,언어ㆍ문학,101,프랑스어ㆍ문학,10110,프랑스·아프리카학과,U01011000030
나,4년제 대학,인문계열,1,언어ㆍ문학,101,프랑스어ㆍ문학,10110,프랑스어권지역학전공,U01011000031
나,4년제 대학,인문계열,1,언어ㆍ문학,101,프랑스어ㆍ문학,10110,프랑스어문·문화학과,U01011000032
나,4년제 대학,인문계열,1,언어ㆍ문학,101,기타유럽어ㆍ문학,10111,유럽학부(이탈리아언어문화전공),U01011100054
나,4년제 대학,인문계열,1,언어ㆍ문학,101,교양어ㆍ문학,10112,수어통역문헌정보학과,U01011200078
나,4년제 대학,인문계열,1,언어ㆍ문학,101,교양어ㆍ문학,10112,의사소통교육부,U01011200079
나,4년제 대학,인문계열,1,언어ㆍ문학,101,교양어ㆍ문학,10112,G2국제어학과,U01011200080
나,4년제 대학,인문계열,1,언어ㆍ문학,101,교양어ㆍ문학,10112,G2(영·중)융합학부,U01011200081
나,4년제 대학,인문계열,1,언어ㆍ문학,101,교양어ㆍ문학,10112,"외국어전공(일본어,영어)",U01011200082
나,4년제 대학,인문계열,1,언어ㆍ문학,101,교양어ㆍ문학,10112,외국어통상학부,U01011200083
나,4년제 대학,인문계열,1,언어ㆍ문학,101,교양어ㆍ문학,10112,한영문화콘텐츠학과,U01011200084
나,4년제 대학,인문계열,1,언어ㆍ문학,101,교양어ㆍ문학,10112,연계전공 고전문헌학,U01011200085
나,4년제 대학,인문계열,1,언어ㆍ문학,101,교양어ㆍ문학,10112,글로벌지역학부,U01011200086
나,4년제 대학,인문계열,1,인문과학,102,문헌정보학,10201,인문콘텐츠학부 문헌정보학과,U01020100016
나,4년제 대학,인문계열,1,인문과학,102,문화ㆍ민속ㆍ미술사학,10202,문화ICT융합전공,U01020200117
나,4년제 대학,인문계열,1,인문과학,102,문화ㆍ민속ㆍ미술사학,10202,문화유산융합학부,U01020200118
나,4년제 대학,인문계열,1,인문과학,102,문화ㆍ민속ㆍ미술사학,10202,글로벌인문경영융복합전공,U01020200119
나,4년제 대학,인문계열,1,인문과학,102,문화ㆍ민속ㆍ미술사학,10202,글로컬문화스토리텔링융복합전공,U01020200120
나,4년제 대학,인문계열,1,인문과학,102,문화ㆍ민속ㆍ미술사학,10202,인문콘텐츠학부 한일문화콘텐츠학과,U01020200121
나,4년제 대학,인문계열,1,인문과학,102,문화ㆍ민속ㆍ미술사학,10202,문학역사학부,U01020200122
나,4년제 대학,인문계열,1,인문과학,102,문화ㆍ민속ㆍ미술사학,10202,고고인류미술사학과,U01020200123
나,4년제 대학,인문계열,1,인문과학,102,문화ㆍ민속ㆍ미술사학,10202,글로벌문화콘텐츠학부,U01020200124
나,4년제 대학,인문계열,1,인문과학,102,문화ㆍ민속ㆍ미술사학,10202,글로벌교육문화학부,U01020200125
나,4년제 대학,인문계열,1,인문과학,102,문화ㆍ민속ㆍ미술사학,10202,융합전공 건축공간예술전공,U01020200126
나,4년제 대학,인문계열,1,인문과학,102,문화ㆍ민속ㆍ미술사학,10202,융합전공 문화예술경영전공,U01020200127
나,4년제 대학,인문계열,1,인문과학,102,문화ㆍ민속ㆍ미술사학,10202,인문・고전전공,U01020200128
나,4년제 대학,인문계열,1,인문과학,102,문화ㆍ민속ㆍ미술사학,10202,무형유산학과,U01020200129
나,4년제 대학,인문계열,1,인문과학,102,심리학,10203,특수치료학과,U01020300050
나,4년제 대학,인문계열,1,인문과학,102,심리학,10203,사회학부 상담심리학전공,U01020300051
나,4년제 대학,인문계열,1,인문과학,102,심리학,10203,재활상담심리학과,U01020300052
나,4년제 대학,인문계열,1,인문과학,102,역사ㆍ고고학,10204,한국역사학과,U01020400050
나,4년제 대학,인문계열,1,인문과학,102,역사ㆍ고고학,10204,인문콘텐츠학부 역사콘텐츠학과,U01020400051
나,4년제 대학,인문계열,1,인문과학,102,역사ㆍ고고학,10204,역사관광・외교통상학부(역사관광전공),U01020400052
나,4년제 대학,인문계열,1,인문과학,102,역사ㆍ고고학,10204,국사학-도시역사경관학 전공,U01020400053
나,4년제 대학,인문계열,1,인문과학,102,역사ㆍ고고학,10204,융합고고학과,U01020400054
나,4년제 대학,인문계열,1,인문과학,102,종교학,10205,기독교교육•상담학과,U01020500096
나,4년제 대학,인문계열,1,인문과학,102,종교학,10205,신학부 신학전공,U01020500097
나,4년제 대학,인문계열,1,인문과학,102,종교학,10205,불교문화전공,U01020500098
나,4년제 대학,인문계열,1,인문과학,102,국제지역학,10206,유라시아학과,U01020600166
나,4년제 대학,인문계열,1,인문과학,102,국제지역학,10206,동북아지역전공,U01020600167
나,4년제 대학,인문계열,1,인문과학,102,국제지역학,10206,아세안지역전공,U01020600168
나,4년제 대학,인문계열,1,인문과학,102,국제지역학,10206,인도지역전공,U01020600169
나,4년제 대학,인문계열,1,인문과학,102,국제지역학,10206,미국문화영어학과,U01020600170
나,4년제 대학,인문계열,1,인문과학,102,국제지역학,10206,한-베지역통상전공,U01020600171
나,4년제 대학,인문계열,1,인문과학,102,국제지역학,10206,국제자유전공학부 한국학전공,U01020600172
나,4년제 대학,인문계열,1,인문과학,102,철학ㆍ윤리학,10207,철학상담학전공,U01020700070
나,4년제 대학,인문계열,1,인문과학,102,철학ㆍ윤리학,10207,철학-동아시아문화학 전공,U01020700071
나,4년제 대학,인문계열,1,인문과학,102,교양인문학,10208,인문창의학부,U01020800205
나,4년제 대학,인문계열,1,인문과학,102,교양인문학,10208,창의교양학부,U01020800206
나,4년제 대학,인문계열,1,인문과학,102,교양인문학,10208,인문문화융합학부,U01020800207
나,4년제 대학,인문계열,1,인문과학,102,교양인문학,10208,문화창의학부,U01020800208
나,4년제 대학,인문계열,1,인문과학,102,교양인문학,10208,프런티어학부대학,U01020800209
나,4년제 대학,인문계열,1,인문과학,102,교양인문학,10208,크리에이티브인문학부,U01020800210
나,4년제 대학,인문계열,1,인문과학,102,교양인문학,10208,인문사회융합계열,U01020800211
나,4년제 대학,인문계열,1,인문과학,102,교양인문학,10208,민석교양대학,U01020800212
나,4년제 대학,인문계열,1,인문과학,102,교양인문학,10208,역사관광·외교통상학부,U01020800213
나,4년제 대학,인문계열,1,인문과학,102,교양인문학,10208,호크마교양교육원,U01020800214
나,4년제 대학,인문계열,1,인문과학,102,교양인문학,10208,창의미래인재대학,U01020800215
나,4년제 대학,인문계열,1,인문과학,102,교양인문학,10208,디지털인문예술전공,U01020800216
나,4년제 대학,인문계열,1,인문과학,102,교양인문학,10208,인문자연학부,U01020800217
나,4년제 대학,인문계열,1,인문과학,102,교양인문학,10208,학부교양대학,U01020800218
나,4년제 대학,인문계열,1,인문과학,102,교양인문학,10208,인성교양대학,U01020800219
나,4년제 대학,인문계열,1,인문과학,102,교양인문학,10208,다빈치교양대학,U01020800220
나,4년제 대학,인문계열,1,인문과학,102,교양인문학,10208,연계전공 인문데이터과학,U01020800221
나,4년제 대학,인문계열,1,인문과학,102,교양인문학,10208,연합전공 동아시아비교인문학,U01020800222
나,4년제 대학,인문계열,1,인문과학,102,교양인문학,10208,휴먼학부,U01020800223
나,4년제 대학,인문계열,1,인문과학,102,교양인문학,10208,수퍼스타칼리지,U01020800224
나,4년제 대학,인문계열,1,인문과학,102,교양인문학,10208,대양휴머니티칼리지,U01020800225
나,4년제 대학,사회계열,2,경영ㆍ경제,201,경영학,20101,융합경영학부,U02010100830
나,4년제 대학,사회계열,2,경영ㆍ경제,201,경영학,20101,디지털경영전공,U02010100831
나,4년제 대학,사회계열,2,경영ㆍ경제,201,경영학,20101,글로벌경영전공,U02010100832
나,4년제 대학,사회계열,2,경영ㆍ경제,201,경영학,20101,글로벌경영공학부,U02010100833
나,4년제 대학,사회계열,2,경영ㆍ경제,201,경영학,20101,창업지식재산학과,U02010100834
나,4년제 대학,사회계열,2,경영ㆍ경제,201,경영학,20101,호텔관광・유통경영학과,U02010100835
나,4년제 대학,사회계열,2,경영ㆍ경제,201,경영학,20101,e-경영학전공,U02010100836
나,4년제 대학,사회계열,2,경영ㆍ경제,201,경영학,20101,창업융합학과,U02010100837
나,4년제 대학,사회계열,2,경영ㆍ경제,201,경영학,20101,글로벌창업학과,U02010100838
나,4년제 대학,사회계열,2,경영ㆍ경제,201,경영학,20101,국제호텔경영학과,U02010100839
나,4년제 대학,사회계열,2,경영ㆍ경제,201,경영학,20101,글로벌비서경영학과,U02010100840
나,4년제 대학,사회계열,2,경영ㆍ경제,201,경영학,20101,항공호텔관광경영학과,U02010100841
나,4년제 대학,사회계열,2,경영ㆍ경제,201,경영학,20101,바이오경영학과,U02010100842
나,4년제 대학,사회계열,2,경영ㆍ경제,201,경영학,20101,e비즈니스학전공,U02010100843
나,4년제 대학,사회계열,2,경영ㆍ경제,201,경영학,20101,호텔・관광경영학과,U02010100844
나,4년제 대학,사회계열,2,경영ㆍ경제,201,경영학,20101,서비스산업경영학과,U02010100845
나,4년제 대학,사회계열,2,경영ㆍ경제,201,경영학,20101,사회적기업·창업학과,U02010100846
나,4년제 대학,사회계열,2,경영ㆍ경제,201,경영학,20101,보건복지사회적경제학과,U02010100847
나,4년제 대학,사회계열,2,경영ㆍ경제,201,경영학,20101,보건복지사회적기업학과,U02010100848
나,4년제 대학,사회계열,2,경영ㆍ경제,201,경영학,20101,보건융합사회적기업학과,U02010100849
나,4년제 대학,사회계열,2,경영ㆍ경제,201,경영학,20101,경영・통상・복지학부,U02010100850
나,4년제 대학,사회계열,2,경영ㆍ경제,201,경영학,20101,융합경영전공,U02010100851
나,4년제 대학,사회계열,2,경영ㆍ경제,201,경영학,20101,철도경영·물류·컴퓨터학부,U02010100852
나,4년제 대학,사회계열,2,경영ㆍ경제,201,경영학,20101,철도경영・물류학전공,U02010100853
나,4년제 대학,사회계열,2,경영ㆍ경제,201,경영학,20101,글로벌창업컨설팅학과,U02010100854
나,4년제 대학,사회계열,2,경영ㆍ경제,201,경영학,20101,항공경영학전공,U02010100855
나,4년제 대학,사회계열,2,경영ㆍ경제,201,경영학,20101,글로벌문화산업학과,U02010100856
나,4년제 대학,사회계열,2,경영ㆍ경제,201,경영학,20101,빅데이터경영학과,U02010100857
나,4년제 대학,사회계열,2,경영ㆍ경제,201,경영학,20101,IT경영학전공,U02010100858
나,4년제 대학,사회계열,2,경영ㆍ경제,201,경영학,20101,문화관광경영학부,U02010100859
나,4년제 대학,사회계열,2,경영ㆍ경제,201,경영학,20101,문화산업전공,U02010100860
나,4년제 대학,사회계열,2,경영ㆍ경제,201,경영학,20101,글로벌외식창업학과,U02010100861
나,4년제 대학,사회계열,2,경영ㆍ경제,201,경영학,20101,국제무역·마케팅학부,U02010100862
나,4년제 대학,사회계열,2,경영ㆍ경제,201,경영학,20101,관광사업경영전공,U02010100863
나,4년제 대학,사회계열,2,경영ㆍ경제,201,경영학,20101,경영,U02010100864
나,4년제 대학,사회계열,2,경영ㆍ경제,201,경영학,20101,글로벌비즈니스,U02010100865
나,4년제 대학,사회계열,2,경영ㆍ경제,201,경영학,20101,경상학부(경영학전공),U02010100866
나,4년제 대학,사회계열,2,경영ㆍ경제,201,경영학,20101,HRD학과,U02010100867
나,4년제 대학,사회계열,2,경영ㆍ경제,201,경영학,20101,부동산금융자산관리학과,U02010100868
나,4년제 대학,사회계열,2,경영ㆍ경제,201,경영학,20101,글로벌비즈니스융합계열,U02010100869
나,4년제 대학,사회계열,2,경영ㆍ경제,201,경영학,20101,글로벌프론티어학과,U02010100870
나,4년제 대학,사회계열,2,경영ㆍ경제,201,경영학,20101,호텔・레스토랑경영학과,U02010100871
나,4년제 대학,사회계열,2,경영ㆍ경제,201,경영학,20101,FTA국제학부 국제경영전공,U02010100872
나,4년제 대학,사회계열,2,경영ㆍ경제,201,경영학,20101,벤처창업학과,U02010100873
나,4년제 대학,사회계열,2,경영ㆍ경제,201,경영학,20101,6차산업비즈니스전공,U02010100874
나,4년제 대학,사회계열,2,경영ㆍ경제,201,경영학,20101,빅데이터인문경영융복합전공,U02010100875
나,4년제 대학,사회계열,2,경영ㆍ경제,201,경영학,20101,창업대학,U02010100876
나,4년제 대학,사회계열,2,경영ㆍ경제,201,경제학,20102,경제통계학부,U02010200109
나,4년제 대학,사회계열,2,경영ㆍ경제,201,경제학,20102,경제정책학전공,U02010200110
나,4년제 대학,사회계열,2,경영ㆍ경제,201,경제학,20102,중국경제통상학전공,U02010200111
나,4년제 대학,사회계열,2,경영ㆍ경제,201,경제학,20102,국제비서・경제금융학부(경제금융전공),U02010200112
나,4년제 대학,사회계열,2,경영ㆍ경제,201,경제학,20102,경제금융,U02010200113
나,4년제 대학,사회계열,2,경영ㆍ경제,201,경제학,20102,경제회계학부(경제학전공),U02010200114
나,4년제 대학,사회계열,2,경영ㆍ경제,201,경제학,20102,농경제유통학부(농업경제학),U02010200115
나,4년제 대학,사회계열,2,경영ㆍ경제,201,관광학,20103,웰니스문화관광학과,U02010300133
나,4년제 대학,사회계열,2,경영ㆍ경제,201,관광학,20103,항공운항서비스학전공,U02010300134
나,4년제 대학,사회계열,2,경영ㆍ경제,201,관광학,20103,관광융복합학과,U02010300135
나,4년제 대학,사회계열,2,경영ㆍ경제,201,관광학,20103,융합관광경영전공,U02010300136
나,4년제 대학,사회계열,2,경영ㆍ경제,201,관광학,20103,호텔관광학전공,U02010300137
나,4년제 대학,사회계열,2,경영ㆍ경제,201,관광학,20103,항공・관광경영학부,U02010300138
나,4년제 대학,사회계열,2,경영ㆍ경제,201,관광학,20103,항공운항서비스전공,U02010300139
나,4년제 대학,사회계열,2,경영ㆍ경제,201,관광학,20103,관광경영,U02010300140
나,4년제 대학,사회계열,2,경영ㆍ경제,201,관광학,20103,외식경영,U02010300141
나,4년제 대학,사회계열,2,경영ㆍ경제,201,관광학,20103,호텔경영,U02010300142
나,4년제 대학,사회계열,2,경영ㆍ경제,201,관광학,20103,호텔관광.항공학부,U02010300143
나,4년제 대학,사회계열,2,경영ㆍ경제,201,관광학,20103,항공•호텔관광학부,U02010300144
나,4년제 대학,사회계열,2,경영ㆍ경제,201,관광학,20103,관광학부 호텔관광경영학전공,U02010300145
나,4년제 대학,사회계열,2,경영ㆍ경제,201,광고·홍보학,20104,공항홍보전공,U02010400070
나,4년제 대학,사회계열,2,경영ㆍ경제,201,광고·홍보학,20104,빅데이터광고마케팅학과,U02010400071
나,4년제 대학,사회계열,2,경영ㆍ경제,201,금융ㆍ회계ㆍ세무학,20105,금융・세무학과,U02010500204
나,4년제 대학,사회계열,2,경영ㆍ경제,201,금융ㆍ회계ㆍ세무학,20105,경제・금융보험・재무부동산학부,U02010500205
나,4년제 대학,사회계열,2,경영ㆍ경제,201,금융ㆍ회계ㆍ세무학,20105,금융부동산전공,U02010500206
나,4년제 대학,사회계열,2,경영ㆍ경제,201,금융ㆍ회계ㆍ세무학,20105,금융세무재테크학과,U02010500207
나,4년제 대학,사회계열,2,경영ㆍ경제,201,금융ㆍ회계ㆍ세무학,20105,회계,U02010500208
나,4년제 대학,사회계열,2,경영ㆍ경제,201,금융ㆍ회계ㆍ세무학,20105,경제회계학부(회계학전공),U02010500209
나,4년제 대학,사회계열,2,경영ㆍ경제,201,금융ㆍ회계ㆍ세무학,20105,경제세무학과,U02010500210
나,4년제 대학,사회계열,2,경영ㆍ경제,201,금융ㆍ회계ㆍ세무학,20105,재무투자정보학과,U02010500211
나,4년제 대학,사회계열,2,경영ㆍ경제,201,금융ㆍ회계ㆍ세무학,20105,FTA국제학부 국제금융전공,U02010500212
나,4년제 대학,사회계열,2,경영ㆍ경제,201,금융ㆍ회계ㆍ세무학,20105,글로벌금융경영학과,U02010500213
나,4년제 대학,사회계열,2,경영ㆍ경제,201,무역ㆍ유통학,20106,미주통상・문화학과,U02010600211
나,4년제 대학,사회계열,2,경영ㆍ경제,201,무역ㆍ유통학,20106,글로벌물류학과,U02010600212
나,4년제 대학,사회계열,2,경영ㆍ경제,201,무역ㆍ유통학,20106,무역・유통학부,U02010600213
나,4년제 대학,사회계열,2,경영ㆍ경제,201,무역ㆍ유통학,20106,유통물류학전공,U02010600214
나,4년제 대학,사회계열,2,경영ㆍ경제,201,무역ㆍ유통학,20106,"글로벌지역통상학(미국,중국,일본)전공",U02010600215
나,4년제 대학,사회계열,2,경영ㆍ경제,201,무역ㆍ유통학,20106,아시아비즈니스국제학과,U02010600216
나,4년제 대학,사회계열,2,경영ㆍ경제,201,무역ㆍ유통학,20106,국제무역・마케팅학부(국제마케팅전공),U02010600217
나,4년제 대학,사회계열,2,경영ㆍ경제,201,무역ㆍ유통학,20106,국제무역・마케팅학부(국제무역전공),U02010600218
나,4년제 대학,사회계열,2,경영ㆍ경제,201,무역ㆍ유통학,20106,국제물류해운학과,U02010600219
나,4년제 대학,사회계열,2,경영ㆍ경제,201,무역ㆍ유통학,20106,경상학부(무역학전공),U02010600220
나,4년제 대학,사회계열,2,경영ㆍ경제,201,무역ㆍ유통학,20106,한국비즈니스전공,U02010600221
나,4년제 대학,사회계열,2,경영ㆍ경제,201,무역ㆍ유통학,20106,해운항만물류학과,U02010600222
나,4년제 대학,사회계열,2,경영ㆍ경제,201,무역ㆍ유통학,20106,글로벌통상마케팅전공,U02010600223
나,4년제 대학,사회계열,2,경영ㆍ경제,201,무역ㆍ유통학,20106,농경제유통학부(식품유통학),U02010600224
나,4년제 대학,사회계열,2,경영ㆍ경제,201,무역ㆍ유통학,20106,FTA국제학부,U02010600225
나,4년제 대학,사회계열,2,경영ㆍ경제,201,무역ㆍ유통학,20106,FTA국제학부 국제물류전공,U02010600226
나,4년제 대학,사회계열,2,법률,202,법학,20201,법・경찰학과,U02020100134
나,4년제 대학,사회계열,2,법률,202,법학,20201,인문콘텐츠학부 지적재산권학과,U02020100135
나,4년제 대학,사회계열,2,법률,202,법학,20201,법·행정학부,U02020100136
나,4년제 대학,사회계열,2,법률,202,법학,20201,법학,U02020100137
나,4년제 대학,사회계열,2,법률,202,법학,20201,공공인재학부(법학전공),U02020100138
나,4년제 대학,사회계열,2,법률,202,법학,20201,지식산업법학과,U02020100139
나,4년제 대학,사회계열,2,사회과학,203,가족ㆍ사회ㆍ복지학,20301,상담복지학전공,U02030100328
나,4년제 대학,사회계열,2,사회과학,203,가족ㆍ사회ㆍ복지학,20301,아동심리학과,U02030100329
나,4년제 대학,사회계열,2,사회과학,203,가족ㆍ사회ㆍ복지학,20301,실버복지·상담학과,U02030100330
나,4년제 대학,사회계열,2,사회과학,203,가족ㆍ사회ㆍ복지학,20301,지역평생교육학과,U02030100331
나,4년제 대학,사회계열,2,사회과학,203,가족ㆍ사회ㆍ복지학,20301,케어복지학과,U02030100332
나,4년제 대학,사회계열,2,사회과학,203,가족ㆍ사회ㆍ복지학,20301,청소년상담학전공(연),U02030100333
나,4년제 대학,사회계열,2,사회과학,203,가족ㆍ사회ㆍ복지학,20301,실버케어복지학과,U02030100334
나,4년제 대학,사회계열,2,사회과학,203,가족ㆍ사회ㆍ복지학,20301,사회학부 스포츠복지학전공,U02030100335
나,4년제 대학,사회계열,2,사회과학,203,가족ㆍ사회ㆍ복지학,20301,사회학부 청소년스포츠상담복지학전공,U02030100336
나,4년제 대학,사회계열,2,사회과학,203,가족ㆍ사회ㆍ복지학,20301,복지건강학부,U02030100337
나,4년제 대학,사회계열,2,사회과학,203,가족ㆍ사회ㆍ복지학,20301,상담복지학부,U02030100338
나,4년제 대학,사회계열,2,사회과학,203,가족ㆍ사회ㆍ복지학,20301,영유아보육학전공,U02030100339
나,4년제 대학,사회계열,2,사회과학,203,가족ㆍ사회ㆍ복지학,20301,스포츠산업융합학부(재활복지전공),U02030100340
나,4년제 대학,사회계열,2,사회과학,203,가족ㆍ사회ㆍ복지학,20301,유아특수재활학과,U02030100341
나,4년제 대학,사회계열,2,사회과학,203,국제학,20302,국제관계・행정학부,U02030200083
나,4년제 대학,사회계열,2,사회과학,203,국제학,20302,중국정경전공,U02030200084
나,4년제 대학,사회계열,2,사회과학,203,국제학,20302,국제협력전공,U02030200085
나,4년제 대학,사회계열,2,사회과학,203,국제학,20302,국제개발협력,U02030200086
나,4년제 대학,사회계열,2,사회과학,203,국제학,20302,국제관계학-빅데이터분석학 전공,U02030200087
나,4년제 대학,사회계열,2,사회과학,203,국제학,20302,NGO・시민정치전공,U02030200088
나,4년제 대학,사회계열,2,사회과학,203,도시ㆍ지역학,20303,국제도시부동산학과,U02030300058
나,4년제 대학,사회계열,2,사회과학,203,도시ㆍ지역학,20303,도시개발・행정학과,U02030300059
나,4년제 대학,사회계열,2,사회과학,203,사회학,20304,공공사회학전공,U02030400023
나,4년제 대학,사회계열,2,사회과학,203,사회학,20304,공공사회·통일외교학부,U02030400024
나,4년제 대학,사회계열,2,사회과학,203,사회학,20304,도시사회학-국제도시개발학 전공,U02030400025
나,4년제 대학,사회계열,2,사회과학,203,사회학,20304,후마니타스학부,U02030400026
나,4년제 대학,사회계열,2,사회과학,203,언론ㆍ방송ㆍ매체학,20305,미디어영상광고학과,U02030500175
나,4년제 대학,사회계열,2,사회과학,203,언론ㆍ방송ㆍ매체학,20305,미디어·광고학부,U02030500176
나,4년제 대학,사회계열,2,사회과학,203,언론ㆍ방송ㆍ매체학,20305,미디어홍보학과,U02030500177
나,4년제 대학,사회계열,2,사회과학,203,언론ㆍ방송ㆍ매체학,20305,영상콘텐츠융합학과,U02030500178
나,4년제 대학,사회계열,2,사회과학,203,언론ㆍ방송ㆍ매체학,20305,미디어콘텐츠학전공,U02030500179
나,4년제 대학,사회계열,2,사회과학,203,언론ㆍ방송ㆍ매체학,20305,방송제작학전공,U02030500180
나,4년제 대학,사회계열,2,사회과학,203,언론ㆍ방송ㆍ매체학,20305,광고영상미디어학과,U02030500181
나,4년제 대학,사회계열,2,사회과학,203,언론ㆍ방송ㆍ매체학,20305,연예예술경영학과,U02030500182
나,4년제 대학,사회계열,2,사회과학,203,정치외교학,20306,통일외교안보전공,U02030600062
나,4년제 대학,사회계열,2,사회과학,203,정치외교학,20306,국가안보학과,U02030600063
나,4년제 대학,사회계열,2,사회과학,203,정치외교학,20306,군사・경찰학부,U02030600064
나,4년제 대학,사회계열,2,사회과학,203,정치외교학,20306,역사관광・외교통상학부(외교통상전공),U02030600065
나,4년제 대학,사회계열,2,사회과학,203,정치외교학,20306,군사관학과,U02030600066
나,4년제 대학,사회계열,2,사회과학,203,정치외교학,20306,연계전공 정치-경제-철학,U02030600067
나,4년제 대학,사회계열,2,사회과학,203,행정학,20307,정부행정학부,U02030700268
나,4년제 대학,사회계열,2,사회과학,203,행정학,20307,국제무역행정학과,U02030700269
나,4년제 대학,사회계열,2,사회과학,203,행정학,20307,경호융합보안학전공,U02030700270
나,4년제 대학,사회계열,2,사회과학,203,행정학,20307,경찰·소방행정학부,U02030700271
나,4년제 대학,사회계열,2,사회과학,203,행정학,20307,국방경찰학과,U02030700272
나,4년제 대학,사회계열,2,사회과학,203,행정학,20307,공항행정전공,U02030700273
나,4년제 대학,사회계열,2,사회과학,203,행정학,20307,치안과학융합학과,U02030700274
나,4년제 대학,사회계열,2,사회과학,203,행정학,20307,해양산업정책학과,U02030700275
나,4년제 대학,사회계열,2,사회과학,203,행정학,20307,지방 행정・의회 학부,U02030700276
나,4년제 대학,사회계열,2,사회과학,203,행정학,20307,공공안전행정학과,U02030700277
나,4년제 대학,사회계열,2,사회과학,203,행정학,20307,경찰정보보호학부(경찰행정전공),U02030700278
나,4년제 대학,사회계열,2,사회과학,203,행정학,20307,국제비서・경제금융학부(국제비서전공),U02030700279
나,4년제 대학,사회계열,2,사회과학,203,행정학,20307,행정학,U02030700280
나,4년제 대학,사회계열,2,사회과학,203,행정학,20307,경찰안전학과,U02030700281
나,4년제 대학,사회계열,2,사회과학,203,행정학,20307,공공인재학부(행정학전공),U02030700282
나,4년제 대학,사회계열,2,사회과학,203,행정학,20307,행정학과(행정학전공),U02030700283
나,4년제 대학,사회계열,2,사회과학,203,행정학,20307,행정학과(환경행정전공),U02030700284
나,4년제 대학,사회계열,2,사회과학,203,교양사회과학,20308,법경찰행정학부,U02030800074
나,4년제 대학,사회계열,2,사회과학,203,교양사회과학,20308,아노덴인재학부,U02030800075
나,4년제 대학,사회계열,2,사회과학,203,교양사회과학,20308,상상력인재학부,U02030800076
나,4년제 대학,사회계열,2,사회과학,203,교양사회과학,20308,글로벌융합학부,U02030800077
나,4년제 대학,사회계열,2,사회과학,203,교양사회과학,20308,4차산업혁명전공,U02030800078
나,4년제 대학,사회계열,2,사회과학,203,교양사회과학,20308,아너스융합전공,U02030800079
나,4년제 대학,사회계열,2,사회과학,203,교양사회과학,20308,융합자유전공학부,U02030800080
나,4년제 대학,사회계열,2,사회과학,203,교양사회과학,20308,기초교육학과,U02030800081
나,4년제 대학,사회계열,2,사회과학,203,교양사회과학,20308,실용학부,U02030800082
나,4년제 대학,사회계열,2,사회과학,203,교양사회과학,20308,휴먼융합서비스학부,U02030800083
나,4년제 대학,교육계열,3,교육일반,301,교육학,30101,평생교육·상담학과,U03010100065
나,4년제 대학,교육계열,3,교육일반,301,교육학,30101,평생교육상담학과,U03010100066
나,4년제 대학,교육계열,3,초등교육,304,초등교육학,30401,과학교육과(심화과정),U03040100020
나,4년제 대학,교육계열,3,초등교육,304,초등교육학,30401,교육학과(심화과정),U03040100021
나,4년제 대학,교육계열,3,초등교육,304,초등교육학,30401,국어교육과(심화과정),U03040100022
나,4년제 대학,교육계열,3,초등교육,304,초등교육학,30401,미술교육과(심화과정),U03040100023
나,4년제 대학,교육계열,3,초등교육,304,초등교육학,30401,수학교육과(심화과정),U03040100024
나,4년제 대학,교육계열,3,초등교육,304,초등교육학,30401,실과교육과(심화과정),U03040100025
나,4년제 대학,교육계열,3,초등교육,304,초등교육학,30401,영어교육과(심화과정),U03040100026
나,4년제 대학,교육계열,3,초등교육,304,초등교육학,30401,윤리교육과(심화과정),U03040100027
나,4년제 대학,교육계열,3,초등교육,304,초등교육학,30401,음악교육과(심화과정),U03040100028
나,4년제 대학,교육계열,3,초등교육,304,초등교육학,30401,체육교육과(심화과정),U03040100029
나,4년제 대학,교육계열,3,초등교육,304,초등교육학,30401,컴퓨터교육과(심화과정),U03040100030
나,4년제 대학,공학계열,4,건축,401,건축ㆍ설비공학,40101,건축・해양건설융합공학부,U04010100125
나,4년제 대학,공학계열,4,건축,401,건축ㆍ설비공학,40101,건설환경도시교통공학부,U04010100126
나,4년제 대학,공학계열,4,건축,401,건축ㆍ설비공학,40101,휴먼건축공학부,U04010100127
나,4년제 대학,공학계열,4,건축,401,건축ㆍ설비공학,40101,건축도시시스템공학전공,U04010100128
나,4년제 대학,공학계열,4,건축,401,건축ㆍ설비공학,40101,건축・토목공학과(건축공학심화트랙),U04010100129
나,4년제 대학,공학계열,4,건축,401,건축ㆍ설비공학,40101,건설환경에너지공학부,U04010100130
나,4년제 대학,공학계열,4,건축,401,건축ㆍ설비공학,40101,건설환경계열,U04010100131
나,4년제 대학,공학계열,4,건축,401,건축ㆍ설비공학,40101,부동산건설학부,U04010100132
나,4년제 대학,공학계열,4,건축,401,건축ㆍ설비공학,40101,건축환경설비공학과,U04010100133
나,4년제 대학,공학계열,4,건축,401,건축학,40102,건축공간디자인학과,U04010200104
나,4년제 대학,공학계열,4,건축,401,건축학,40102,공간디자인융합기술학과,U04010200105
나,4년제 대학,공학계열,4,건축,401,건축학,40102,공항건축전공,U04010200106
나,4년제 대학,공학계열,4,건축,401,건축학,40102,건축도시부동산학부,U04010200107
나,4년제 대학,공학계열,4,건축,401,건축학,40102,생태주거디자인학과,U04010200108
나,4년제 대학,공학계열,4,건축,401,조경학,40103,산림자원・조경학부(조경전공),U04010300030
나,4년제 대학,공학계열,4,건축,401,조경학,40103,조경학-경영학 전공,U04010300031
나,4년제 대학,공학계열,4,건축,401,조경학,40103,융합전공 환경조경디자인전공,U04010300032
나,4년제 대학,공학계열,4,토목ㆍ도시,402,토목공학,40201,농어촌수자원관리학과,U04020100183
나,4년제 대학,공학계열,4,토목ㆍ도시,402,토목공학,40201,재난안전시스템학과,U04020100184
나,4년제 대학,공학계열,4,토목ㆍ도시,402,토목공학,40201,공항토목전공,U04020100185
나,4년제 대학,공학계열,4,토목ㆍ도시,402,토목공학,40201,철도인프라시스템공학전공,U04020100186
나,4년제 대학,공학계열,4,토목ㆍ도시,402,토목공학,40201,건축・토목공학과(토목공학트랙),U04020100187
나,4년제 대학,공학계열,4,토목ㆍ도시,402,토목공학,40201,토목・건축공학부,U04020100188
나,4년제 대학,공학계열,4,토목ㆍ도시,402,토목공학,40201,토목・환경공학전공,U04020100189
나,4년제 대학,공학계열,4,토목ㆍ도시,402,토목공학,40201,건설환경공학,U04020100190
나,4년제 대학,공학계열,4,토목ㆍ도시,402,도시공학,40202,도시・환경・화학공학과,U04020200042
나,4년제 대학,공학계열,4,토목ㆍ도시,402,도시공학,40202,도시・교통공학전공,U04020200043
나,4년제 대학,공학계열,4,토목ㆍ도시,402,도시공학,40202,도시디자인정보공학과,U04020200044
나,4년제 대학,공학계열,4,토목ㆍ도시,402,도시공학,40202,드론교통공학과,U04020200045
나,4년제 대학,공학계열,4,토목ㆍ도시,402,도시공학,40202,도시공학-국제도시개발학 전공,U04020200046
나,4년제 대학,공학계열,4,토목ㆍ도시,402,도시공학,40202,도시공학-도시부동산기획경영학 전공,U04020200047
나,4년제 대학,공학계열,4,토목ㆍ도시,402,도시공학,40202,디지털건축도시공학과,U04020200048
나,4년제 대학,공학계열,4,교통ㆍ운송,403,지상교통공학,40301,철도운전시스템학과,U04030100027
나,4년제 대학,공학계열,4,교통ㆍ운송,403,지상교통공학,40301,철도공학부,U04030100028
나,4년제 대학,공학계열,4,교통ㆍ운송,403,지상교통공학,40301,철도운전시스템전공,U04030100029
나,4년제 대학,공학계열,4,교통ㆍ운송,403,지상교통공학,40301,철도차량시스템전공,U04030100030
나,4년제 대학,공학계열,4,교통ㆍ운송,403,지상교통공학,40301,철도학과,U04030100031
나,4년제 대학,공학계열,4,교통ㆍ운송,403,지상교통공학,40301,철도시스템학과,U04030100032
나,4년제 대학,공학계열,4,교통ㆍ운송,403,항공학,40302,무인기공학과,U04030200056
나,4년제 대학,공학계열,4,교통ㆍ운송,403,항공학,40302,드론학과,U04030200057
나,4년제 대학,공학계열,4,교통ㆍ운송,403,항공학,40302,드론응용전공,U04030200058
나,4년제 대학,공학계열,4,교통ㆍ운송,403,항공학,40302,항공정비전공,U04030200059
나,4년제 대학,공학계열,4,교통ㆍ운송,403,항공학,40302,항공조종전공,U04030200060
나,4년제 대학,공학계열,4,교통ㆍ운송,403,항공학,40302,항공・기계설계전공,U04030200061
나,4년제 대학,공학계열,4,교통ㆍ운송,403,항공학,40302,항공운항학전공,U04030200062
나,4년제 대학,공학계열,4,교통ㆍ운송,403,해양공학,40303,해양산업・운송과학기술학부,U04030300121
나,4년제 대학,공학계열,4,교통ㆍ운송,403,해양공학,40303,해양융합공학과,U04030300122
나,4년제 대학,공학계열,4,교통ㆍ운송,403,해양공학,40303,조선해양공학과(조선해양생산트랙),U04030300123
나,4년제 대학,공학계열,4,교통ㆍ운송,403,해양공학,40303,조선해양공학과(조선해양설계트랙),U04030300124
나,4년제 대학,공학계열,4,교통ㆍ운송,403,해양공학,40303,조선해양시스템전공,U04030300125
나,4년제 대학,공학계열,4,교통ㆍ운송,403,해양공학,40303,조선해양플랜트설계전공,U04030300126
나,4년제 대학,공학계열,4,교통ㆍ운송,403,해양공학,40303,해군사관학부,U04030300127
나,4년제 대학,공학계열,4,기계ㆍ금속,404,기계공학,40401,기계조선융합공학과,U04040100219
나,4년제 대학,공학계열,4,기계ㆍ금속,404,기계공학,40401,수산식품냉동공학과,U04040100220
나,4년제 대학,공학계열,4,기계ㆍ금속,404,기계공학,40401,기계융합시스템공학부,U04040100221
나,4년제 대학,공학계열,4,기계ㆍ금속,404,기계공학,40401,기계융합시스템공학부(기계공학전공),U04040100222
나,4년제 대학,공학계열,4,기계ㆍ금속,404,기계공학,40401,기계융합시스템공학부(기계에너지공학전공),U04040100223
나,4년제 대학,공학계열,4,기계ㆍ금속,404,기계공학,40401,에너지기계공학전공,U04040100224
나,4년제 대학,공학계열,4,기계ㆍ금속,404,기계공학,40401,기계자동차로봇부품공학부,U04040100225
나,4년제 대학,공학계열,4,기계ㆍ금속,404,기계공학,40401,기계・금형공학부,U04040100226
나,4년제 대학,공학계열,4,기계ㆍ금속,404,기계공학,40401,융합기계공학부,U04040100227
나,4년제 대학,공학계열,4,기계ㆍ금속,404,기계공학,40401,지능형기계공학전공,U04040100228
나,4년제 대학,공학계열,4,기계ㆍ금속,404,기계공학,40401,생산기술공학과,U04040100229
나,4년제 대학,공학계열,4,기계ㆍ금속,404,기계공학,40401,기계공학부(기계설계공학전공),U04040100230
나,4년제 대학,공학계열,4,기계ㆍ금속,404,기계공학,40401,기계자동차항공공학부,U04040100231
나,4년제 대학,공학계열,4,기계ㆍ금속,404,기계공학,40401,컴퓨터응용기계공학과,U04040100232
나,4년제 대학,공학계열,4,기계ㆍ금속,404,기계공학,40401,기계항공 및 원자력공학부,U04040100233
나,4년제 대학,공학계열,4,기계ㆍ금속,404,기계공학,40401,기계시스템학부,U04040100234
나,4년제 대학,공학계열,4,기계ㆍ금속,404,기계공학,40401,지능설계전공,U04040100235
나,4년제 대학,공학계열,4,기계ㆍ금속,404,기계공학,40401,기계자동차계열,U04040100236
나,4년제 대학,공학계열,4,기계ㆍ금속,404,기계공학,40401,나노전자기계공학전공,U04040100237
나,4년제 대학,공학계열,4,기계ㆍ금속,404,기계공학,40401,스마트성형가공전공,U04040100238
나,4년제 대학,공학계열,4,기계ㆍ금속,404,기계공학,40401,스마트제조공학부,U04040100239
나,4년제 대학,공학계열,4,기계ㆍ금속,404,기계공학,40401,에너지기계설비전공,U04040100240
나,4년제 대학,공학계열,4,기계ㆍ금속,404,기계공학,40401,국방기술학과,U04040100241
나,4년제 대학,공학계열,4,기계ㆍ금속,404,기계공학,40401,에너지융합공학과,U04040100242
나,4년제 대학,공학계열,4,기계ㆍ금속,404,기계공학,40401,융복합에너지공학과,U04040100243
나,4년제 대학,공학계열,4,기계ㆍ금속,404,금속공학,40402,금형신소재공학과,U04040200009
나,4년제 대학,공학계열,4,기계ㆍ금속,404,금속공학,40402,금속소재공학전공,U04040200010
나,4년제 대학,공학계열,4,기계ㆍ금속,404,자동차공학,40403,스마트자동차공학부,U04040300049
나,4년제 대학,공학계열,4,기계ㆍ금속,404,자동차공학,40403,자동차응용공학과,U04040300050
나,4년제 대학,공학계열,4,기계ㆍ금속,404,자동차공학,40403,기계융합시스템공학부(미래형자동차공학전공),U04040300051
나,4년제 대학,공학계열,4,기계ㆍ금속,404,자동차공학,40403,IT자동차학과,U04040300052
나,4년제 대학,공학계열,4,기계ㆍ금속,404,자동차공학,40403,자동차IT융합전공,U04040300053
나,4년제 대학,공학계열,4,기계ㆍ금속,404,자동차공학,40403,지능형자동차공학부,U04040300054
나,4년제 대학,공학계열,4,기계ㆍ금속,404,자동차공학,40403,자동차소프트웨어전공,U04040300055
나,4년제 대학,공학계열,4,기계ㆍ금속,404,자동차공학,40403,자동차전자제어전공,U04040300056
나,4년제 대학,공학계열,4,기계ㆍ금속,404,자동차공학,40403,스마트자동차공학과,U04040300057
나,4년제 대학,공학계열,4,기계ㆍ금속,404,자동차공학,40403,자동차스마트부품산업학과,U04040300058
나,4년제 대학,공학계열,4,기계ㆍ금속,404,자동차공학,40403,융합전공 자동차부품・디자인전공,U04040300059
나,4년제 대학,공학계열,4,기계ㆍ금속,404,자동차공학,40403,전기차제어전공,U04040300060
나,4년제 대학,공학계열,4,전기ㆍ전자,405,전기공학,40501,전기전자소프트웨어공학과,U04050100066
나,4년제 대학,공학계열,4,전기ㆍ전자,405,전기공학,40501,스마트그리드전공,U04050100067
나,4년제 대학,공학계열,4,전기ㆍ전자,405,전기공학,40501,스마트전기전자공학부,U04050100068
나,4년제 대학,공학계열,4,전기ㆍ전자,405,전기공학,40501,전기전자컴퓨터학부 전기공학과,U04050100069
나,4년제 대학,공학계열,4,전기ㆍ전자,405,전기공학,40501,항공전기전공,U04050100070
나,4년제 대학,공학계열,4,전기ㆍ전자,405,전기공학,40501,전기전자로봇통신공학부,U04050100071
나,4년제 대학,공학계열,4,전기ㆍ전자,405,전기공학,40501,철도전기전자전공,U04050100072
나,4년제 대학,공학계열,4,전기ㆍ전자,405,전기공학,40501,전기전자정보계열,U04050100073
나,4년제 대학,공학계열,4,전기ㆍ전자,405,전기공학,40501,전기전자공학부(전기공학전공),U04050100074
나,4년제 대학,공학계열,4,전기ㆍ전자,405,전자공학,40502,에너지전자융합전공,U04050200175
나,4년제 대학,공학계열,4,전기ㆍ전자,405,전자공학,40502,융합전자공학전공,U04050200176
나,4년제 대학,공학계열,4,전기ㆍ전자,405,전자공학,40502,스마트태양광융합학과,U04050200177
나,4년제 대학,공학계열,4,전기ㆍ전자,405,전자공학,40502,전기전자컴퓨터학부 전자공학과,U04050200178
나,4년제 대학,공학계열,4,전기ㆍ전자,405,전자공학,40502,스마트팩토리학과,U04050200179
나,4년제 대학,공학계열,4,전기ㆍ전자,405,전자공학,40502,전자・의용공학부,U04050200180
나,4년제 대학,공학계열,4,전기ㆍ전자,405,전자공학,40502,전기전자공학부(전자공학전공),U04050200181
나,4년제 대학,공학계열,4,전기ㆍ전자,405,전자공학,40502,IoT전자공학과,U04050200182
나,4년제 대학,공학계열,4,전기ㆍ전자,405,전자공학,40502,시스템반도체공학과,U04050200183
나,4년제 대학,공학계열,4,전기ㆍ전자,405,제어계측공학,40503,전자·기계융합공학과,U04050300055
나,4년제 대학,공학계열,4,전기ㆍ전자,405,제어계측공학,40503,무인이동체공학전공,U04050300056
나,4년제 대학,공학계열,4,전기ㆍ전자,405,제어계측공학,40503,스마트기기공학전공,U04050300057
나,4년제 대학,공학계열,4,전기ㆍ전자,405,제어계측공학,40503,지능기전공학부,U04050300058
나,4년제 대학,공학계열,4,전기ㆍ전자,405,제어계측공학,40503,IT융합지능로봇공학과,U04050300059
나,4년제 대학,공학계열,4,전기ㆍ전자,405,제어계측공학,40503,휴먼・로봇융합전공,U04050300060
나,4년제 대학,공학계열,4,전기ㆍ전자,405,제어계측공학,40503,휴먼지능로봇공학과,U04050300061
나,4년제 대학,공학계열,4,정밀ㆍ에너지,406,광학공학,40601,나노광전자학과,U04060100034
나,4년제 대학,공학계열,4,정밀ㆍ에너지,406,에너지공학,40602,에너지ICT공학과,U04060200096
나,4년제 대학,공학계열,4,정밀ㆍ에너지,406,에너지공학,40602,미래에너지공학과,U04060200097
나,4년제 대학,공학계열,4,정밀ㆍ에너지,406,에너지공학,40602,에너지소재공학전공,U04060200098
나,4년제 대학,공학계열,4,정밀ㆍ에너지,406,에너지공학,40602,생명화학공학부 화학에너지공학과,U04060200099
나,4년제 대학,공학계열,4,정밀ㆍ에너지,406,에너지공학,40602,기후·에너지시스템공학전공,U04060200100
나,4년제 대학,공학계열,4,정밀ㆍ에너지,406,에너지공학,40602,신소재에너지전공,U04060200101
나,4년제 대학,공학계열,4,정밀ㆍ에너지,406,에너지공학,40602,청정융합에너지공학과,U04060200102
나,4년제 대학,공학계열,4,소재ㆍ재료,407,반도체ㆍ세라믹공학,40701,반도체디스플레이학과,U04070100047
나,4년제 대학,공학계열,4,소재ㆍ재료,407,섬유공학,40702,[화학소재]소재디자인공학전공,U04070200046
나,4년제 대학,공학계열,4,소재ㆍ재료,407,신소재공학,40703,항공신소재공학과,U04070300143
나,4년제 대학,공학계열,4,소재ㆍ재료,407,신소재공학,40703,전기전자소재공학전공,U04070300144
나,4년제 대학,공학계열,4,소재ㆍ재료,407,신소재공학,40703,탄소나노신소재공학과,U04070300145
나,4년제 대학,공학계열,4,소재ㆍ재료,407,신소재공학,40703,항공신소재전공,U04070300146
나,4년제 대학,공학계열,4,소재ㆍ재료,407,재료공학,40704,첨단기계소재공학과,U04070400071
나,4년제 대학,공학계열,4,소재ㆍ재료,407,재료공학,40704,기계금속재료전공,U04070400072
나,4년제 대학,공학계열,4,소재ㆍ재료,407,재료공학,40704,전자화학재료전공,U04070400073
나,4년제 대학,공학계열,4,소재ㆍ재료,407,재료공학,40704,고분자소재공학전공,U04070400074
나,4년제 대학,공학계열,4,소재ㆍ재료,407,재료공학,40704,전자재료공학부,U04070400075
나,4년제 대학,공학계열,4,컴퓨터ㆍ통신,408,전산학ㆍ컴퓨터공학,40801,컴퓨터융합소프트웨어학과,U04080100292
나,4년제 대학,공학계열,4,컴퓨터ㆍ통신,408,전산학ㆍ컴퓨터공학,40801,컴퓨터・메카트로닉스공학부,U04080100293
나,4년제 대학,공학계열,4,컴퓨터ㆍ통신,408,전산학ㆍ컴퓨터공학,40801,헬스케어IT학과,U04080100294
나,4년제 대학,공학계열,4,컴퓨터ㆍ통신,408,전산학ㆍ컴퓨터공학,40801,산업ICT기술공학전공,U04080100295
나,4년제 대학,공학계열,4,컴퓨터ㆍ통신,408,전산학ㆍ컴퓨터공학,40801,컴퓨터소프트웨어공학부,U04080100296
나,4년제 대학,공학계열,4,컴퓨터ㆍ통신,408,전산학ㆍ컴퓨터공학,40801,전기전자컴퓨터학부 컴퓨터과학과,U04080100297
나,4년제 대학,공학계열,4,컴퓨터ㆍ통신,408,전산학ㆍ컴퓨터공학,40801,컴퓨터소프트웨어학부,U04080100298
나,4년제 대학,공학계열,4,컴퓨터ㆍ통신,408,전산학ㆍ컴퓨터공학,40801,항공컴퓨터전공,U04080100299
나,4년제 대학,공학계열,4,컴퓨터ㆍ통신,408,전산학ㆍ컴퓨터공학,40801,정보기술응용학과,U04080100300
나,4년제 대학,공학계열,4,컴퓨터ㆍ통신,408,전산학ㆍ컴퓨터공학,40801,컴퓨터정보공학부(컴퓨터공학전공),U04080100301
나,4년제 대학,공학계열,4,컴퓨터ㆍ통신,408,전산학ㆍ컴퓨터공학,40801,컴퓨터정보기술공학부,U04080100302
나,4년제 대학,공학계열,4,컴퓨터ㆍ통신,408,전산학ㆍ컴퓨터공학,40801,컴퓨터소프트웨어융합전공,U04080100303
나,4년제 대학,공학계열,4,컴퓨터ㆍ통신,408,전산학ㆍ컴퓨터공학,40801,휴먼IT융합학부,U04080100304
나,4년제 대학,공학계열,4,컴퓨터ㆍ통신,408,전산학ㆍ컴퓨터공학,40801,컴퓨터소프트웨어융합학부,U04080100305
나,4년제 대학,공학계열,4,컴퓨터ㆍ통신,408,전산학ㆍ컴퓨터공학,40801,컴퓨터SW,U04080100306
나,4년제 대학,공학계열,4,컴퓨터ㆍ통신,408,전산학ㆍ컴퓨터공학,40801,정보융합학부,U04080100307
나,4년제 대학,공학계열,4,컴퓨터ㆍ통신,408,전산학ㆍ컴퓨터공학,40801,융합미디어전공,U04080100308
나,4년제 대학,공학계열,4,컴퓨터ㆍ통신,408,전산학ㆍ컴퓨터공학,40801,컴퓨터・소프트웨어계열,U04080100309
나,4년제 대학,공학계열,4,컴퓨터ㆍ통신,408,전산학ㆍ컴퓨터공학,40801,컴퓨터・소프트웨어공학과,U04080100310
나,4년제 대학,공학계열,4,컴퓨터ㆍ통신,408,전산학ㆍ컴퓨터공학,40801,산업데이터사이언스학부,U04080100311
나,4년제 대학,공학계열,4,컴퓨터ㆍ통신,408,전산학ㆍ컴퓨터공학,40801,데이터사이언스전공,U04080100312
나,4년제 대학,공학계열,4,컴퓨터ㆍ통신,408,전산학ㆍ컴퓨터공학,40801,컴퓨터.게임학과,U04080100313
나,4년제 대학,공학계열,4,컴퓨터ㆍ통신,408,전산학ㆍ컴퓨터공학,40801,컴퓨터공학과(IUT),U04080100314
나,4년제 대학,공학계열,4,컴퓨터ㆍ통신,408,전산학ㆍ컴퓨터공학,40801,전산・게임학과,U04080100315
나,4년제 대학,공학계열,4,컴퓨터ㆍ통신,408,응용소프트웨어공학,40802,글로벌소프트웨어학과,U04080200154
나,4년제 대학,공학계열,4,컴퓨터ㆍ통신,408,응용소프트웨어공학,40802,게임소프트웨어학과,U04080200155
나,4년제 대학,공학계열,4,컴퓨터ㆍ통신,408,응용소프트웨어공학,40802,융합소프트웨어전공,U04080200156
나,4년제 대학,공학계열,4,컴퓨터ㆍ통신,408,응용소프트웨어공학,40802,스마트콘텐츠전공,U04080200157
나,4년제 대학,공학계열,4,컴퓨터ㆍ통신,408,응용소프트웨어공학,40802,스마트시스템소프트웨어공학과,U04080200158
나,4년제 대학,공학계열,4,컴퓨터ㆍ통신,408,응용소프트웨어공학,40802,모바일시스템공학과,U04080200159
나,4년제 대학,공학계열,4,컴퓨터ㆍ통신,408,응용소프트웨어공학,40802,디자인엔지니어링학과,U04080200160
나,4년제 대학,공학계열,4,컴퓨터ㆍ통신,408,응용소프트웨어공학,40802,콘텐츠기획・제작학과,U04080200161
나,4년제 대학,공학계열,4,컴퓨터ㆍ통신,408,응용소프트웨어공학,40802,창의소프트학부(디자인이노베이션전공),U04080200162
나,4년제 대학,공학계열,4,컴퓨터ㆍ통신,408,응용소프트웨어공학,40802,창의소프트학부(만화애니메이션텍전공),U04080200163
나,4년제 대학,공학계열,4,컴퓨터ㆍ통신,408,응용소프트웨어공학,40802,소프트웨어융합공학과,U04080200164
나,4년제 대학,공학계열,4,컴퓨터ㆍ통신,408,응용소프트웨어공학,40802,게임애니메이션공학전공,U04080200165
나,4년제 대학,공학계열,4,컴퓨터ㆍ통신,408,응용소프트웨어공학,40802,디지털콘텐츠게임애니메이션공학부,U04080200166
나,4년제 대학,공학계열,4,컴퓨터ㆍ통신,408,응용소프트웨어공학,40802,응용소프트웨어공학전공,U04080200167
나,4년제 대학,공학계열,4,컴퓨터ㆍ통신,408,응용소프트웨어공학,40802,창의소프트웨어공학부,U04080200168
나,4년제 대학,공학계열,4,컴퓨터ㆍ통신,408,응용소프트웨어공학,40802,디자인테크놀로지전공,U04080200169
나,4년제 대학,공학계열,4,컴퓨터ㆍ통신,408,응용소프트웨어공학,40802,미디어테크놀로지전공,U04080200170
나,4년제 대학,공학계열,4,컴퓨터ㆍ통신,408,응용소프트웨어공학,40802,컬처테크놀로지전공,U04080200171
나,4년제 대학,공학계열,4,컴퓨터ㆍ통신,408,응용소프트웨어공학,40802,컴퓨터정보공학부(컴퓨터소프트웨어전공),U04080200172
나,4년제 대학,공학계열,4,컴퓨터ㆍ통신,408,응용소프트웨어공학,40802,전자소프트웨어학과,U04080200173
나,4년제 대학,공학계열,4,컴퓨터ㆍ통신,408,응용소프트웨어공학,40802,창의소프트학부,U04080200174
나,4년제 대학,공학계열,4,컴퓨터ㆍ통신,408,응용소프트웨어공학,40802,소프트웨어학전공,U04080200175
나,4년제 대학,공학계열,4,컴퓨터ㆍ통신,408,응용소프트웨어공학,40802,미디어SW,U04080200176
나,4년제 대학,공학계열,4,컴퓨터ㆍ통신,408,응용소프트웨어공학,40802,스마트모바일전공,U04080200177
나,4년제 대학,공학계열,4,컴퓨터ㆍ통신,408,응용소프트웨어공학,40802,소프트웨어응용학부,U04080200178
나,4년제 대학,공학계열,4,컴퓨터ㆍ통신,408,응용소프트웨어공학,40802,가상현실콘텐츠학과,U04080200179
나,4년제 대학,공학계열,4,컴퓨터ㆍ통신,408,응용소프트웨어공학,40802,컴퓨터학부 데이터과학전공,U04080200180
나,4년제 대학,공학계열,4,컴퓨터ㆍ통신,408,응용소프트웨어공학,40802,컴퓨터학부 인간중심소프트웨어전공,U04080200181
나,4년제 대학,공학계열,4,컴퓨터ㆍ통신,408,응용소프트웨어공학,40802,컴퓨터학부 플랫폼소프트웨어전공,U04080200182
나,4년제 대학,공학계열,4,컴퓨터ㆍ통신,408,응용소프트웨어공학,40802,컴퓨터학부(글로벌소프트웨어융합전공),U04080200183
나,4년제 대학,공학계열,4,컴퓨터ㆍ통신,408,응용소프트웨어공학,40802,"컴퓨터학부(플랫폼소프트웨어전공, 데이터과학전공, 인간중심소프트웨어전공)",U04080200184
나,4년제 대학,공학계열,4,컴퓨터ㆍ통신,408,응용소프트웨어공학,40802,기업소프트웨어학부,U04080200185
나,4년제 대학,공학계열,4,컴퓨터ㆍ통신,408,응용소프트웨어공학,40802,소프트웨어융합전공,U04080200186
나,4년제 대학,공학계열,4,컴퓨터ㆍ통신,408,응용소프트웨어공학,40802,국제자유전공학부 소프트웨어학전공,U04080200187
나,4년제 대학,공학계열,4,컴퓨터ㆍ통신,408,정보ㆍ통신공학,40803,사이버보안전공,U04080300515
나,4년제 대학,공학계열,4,컴퓨터ㆍ통신,408,정보ㆍ통신공학,40803,항공산업보안학과,U04080300516
나,4년제 대학,공학계열,4,컴퓨터ㆍ통신,408,정보ㆍ통신공학,40803,정보전기전자공학전공,U04080300517
나,4년제 대학,공학계열,4,컴퓨터ㆍ통신,408,정보ㆍ통신공학,40803,데이터사이언스학과,U04080300518
나,4년제 대학,공학계열,4,컴퓨터ㆍ통신,408,정보ㆍ통신공학,40803,IoT융합전공,U04080300519
나,4년제 대학,공학계열,4,컴퓨터ㆍ통신,408,정보ㆍ통신공학,40803,클라우드/빅데이터전공,U04080300520
나,4년제 대학,공학계열,4,컴퓨터ㆍ통신,408,정보ㆍ통신공학,40803,항공IT융합학과,U04080300521
나,4년제 대학,공학계열,4,컴퓨터ㆍ통신,408,정보ㆍ통신공학,40803,지능정보공학부 휴먼지능정보공학과,U04080300522
나,4년제 대학,공학계열,4,컴퓨터ㆍ통신,408,정보ㆍ통신공학,40803,항공보안시스템전공,U04080300523
나,4년제 대학,공학계열,4,컴퓨터ㆍ통신,408,정보ㆍ통신공학,40803,ICT디바이스학과,U04080300524
나,4년제 대학,공학계열,4,컴퓨터ㆍ통신,408,정보ㆍ통신공학,40803,IT응용융합학과(4년제),U04080300525
나,4년제 대학,공학계열,4,컴퓨터ㆍ통신,408,정보ㆍ통신공학,40803,정보통신・로봇공학전공,U04080300526
나,4년제 대학,공학계열,4,컴퓨터ㆍ통신,408,정보ㆍ통신공학,40803,정보통신방송공학과,U04080300527
나,4년제 대학,공학계열,4,컴퓨터ㆍ통신,408,정보ㆍ통신공학,40803,경찰정보보호학부(사이버경찰전공),U04080300528
나,4년제 대학,공학계열,4,컴퓨터ㆍ통신,408,정보ㆍ통신공학,40803,경찰정보보호학부(정보보호전공),U04080300529
나,4년제 대학,공학계열,4,컴퓨터ㆍ통신,408,정보ㆍ통신공학,40803,지능형IT융합학부,U04080300530
나,4년제 대학,공학계열,4,컴퓨터ㆍ통신,408,정보ㆍ통신공학,40803,정보보호,U04080300531
나,4년제 대학,공학계열,4,컴퓨터ㆍ통신,408,정보ㆍ통신공학,40803,정보통신,U04080300532
나,4년제 대학,공학계열,4,컴퓨터ㆍ통신,408,정보ㆍ통신공학,40803,스마트ICT융합공학과,U04080300533
나,4년제 대학,공학계열,4,컴퓨터ㆍ통신,408,정보ㆍ통신공학,40803,빅데이터공학부,U04080300534
나,4년제 대학,공학계열,4,컴퓨터ㆍ통신,408,정보ㆍ통신공학,40803,빅데이터컴퓨팅전공,U04080300535
나,4년제 대학,공학계열,4,컴퓨터ㆍ통신,408,정보ㆍ통신공학,40803,사이버보안공학과,U04080300536
나,4년제 대학,공학계열,4,컴퓨터ㆍ통신,408,정보ㆍ통신공학,40803,융합IT학과,U04080300537
나,4년제 대학,공학계열,4,컴퓨터ㆍ통신,408,정보ㆍ통신공학,40803,에너지IoT전공,U04080300538
나,4년제 대학,공학계열,4,컴퓨터ㆍ통신,408,정보ㆍ통신공학,40803,융합정보보안전공,U04080300539
나,4년제 대학,공학계열,4,컴퓨터ㆍ통신,408,정보ㆍ통신공학,40803,정보기술학과,U04080300540
나,4년제 대학,공학계열,4,컴퓨터ㆍ통신,408,정보ㆍ통신공학,40803,스마트정보통신공학과,U04080300541
나,4년제 대학,공학계열,4,컴퓨터ㆍ통신,408,정보ㆍ통신공학,40803,정보보호공학과,U04080300542
나,4년제 대학,공학계열,4,컴퓨터ㆍ통신,408,정보ㆍ통신공학,40803,융합보안공학과,U04080300543
나,4년제 대학,공학계열,4,컴퓨터ㆍ통신,408,정보ㆍ통신공학,40803,IoT융합시스템학과,U04080300544
나,4년제 대학,공학계열,4,컴퓨터ㆍ통신,408,정보ㆍ통신공학,40803,지능형IoT전공,U04080300545
나,4년제 대학,공학계열,4,컴퓨터ㆍ통신,408,정보ㆍ통신공학,40803,정보통신공학과(IUT),U04080300546
나,4년제 대학,공학계열,4,산업,409,산업공학,40901,융합기술창업학과,U04090100141
나,4년제 대학,공학계열,4,산업,409,산업공학,40901,산업융합시스템공학부,U04090100142
나,4년제 대학,공학계열,4,산업,409,산업공학,40901,생산정보기술공학전공,U04090100143
나,4년제 대학,공학계열,4,산업,409,산업공학,40901,인간・시스템디자인공학전공,U04090100144
나,4년제 대학,공학계열,4,산업,409,산업공학,40901,스마트경영공학부,U04090100145
나,4년제 대학,공학계열,4,산업,409,산업공학,40901,산업경영·안전공학부,U04090100146
나,4년제 대학,공학계열,4,산업,409,산업공학,40901,산업품질공학전공,U04090100147
나,4년제 대학,공학계열,4,산업,409,산업공학,40901,물류시스템학과,U04090100148
나,4년제 대학,공학계열,4,산업,409,산업공학,40901,산업및기계공학부,U04090100149
나,4년제 대학,공학계열,4,산업,409,산업공학,40901,품질경영공학과,U04090100150
나,4년제 대학,공학계열,4,산업,409,산업공학,40901,식물생산과학부(산업인력개발학전공),U04090100151
나,4년제 대학,공학계열,4,산업,409,산업공학,40901,에너지시스템경영공학전공,U04090100152
나,4년제 대학,공학계열,4,산업,409,산업공학,40901,항공교통물류학과,U04090100153
나,4년제 대학,공학계열,4,화공,410,화학공학,41001,생명화학공학부 화공신소재학과,U04100100152
나,4년제 대학,공학계열,4,화공,410,화학공학,41001,화학분자공학과,U04100100153
나,4년제 대학,공학계열,4,화공,410,화학공학,41001,항공화공전공,U04100100154
나,4년제 대학,공학계열,4,화공,410,화학공학,41001,에너지화공전공,U04100100155
나,4년제 대학,공학계열,4,화공,410,화학공학,41001,융합화학공학전공,U04100100156
나,4년제 대학,공학계열,4,화공,410,화학공학,41001,나노고분자공학전공,U04100100157
나,4년제 대학,공학계열,4,화공,410,화학공학,41001,화공생물공학전공,U04100100158
나,4년제 대학,공학계열,4,화공,410,화학공학,41001,화공신소재고분자공학부,U04100100159
나,4년제 대학,공학계열,4,화공,410,화학공학,41001,화학에너지공학전공,U04100100160
나,4년제 대학,공학계열,4,화공,410,화학공학,41001,화학공학·신소재공학부,U04100100161
나,4년제 대학,공학계열,4,화공,410,화학공학,41001,화학생명공학계열,U04100100162
나,4년제 대학,공학계열,4,화공,410,화학공학,41001,화학융합공학과,U04100100163
나,4년제 대학,공학계열,4,화공,410,화학공학,41001,[화학소재]화학공학전공,U04100100164
나,4년제 대학,공학계열,4,화공,410,화학공학,41001,화학소재융합공학부,U04100100165
나,4년제 대학,공학계열,4,화공,410,화학공학,41001,그린화학공학과,U04100100166
나,4년제 대학,공학계열,4,기타,411,기전공학,41101,로봇자동화공학과,U04110100053
나,4년제 대학,공학계열,4,기타,411,기전공학,41101,스마트제조응용공학과,U04110100054
나,4년제 대학,공학계열,4,기타,411,기전공학,41101,메카융합공학과(야),U04110100055
나,4년제 대학,공학계열,4,기타,411,기전공학,41101,로봇기계공학과,U04110100056
나,4년제 대학,공학계열,4,기타,411,기전공학,41101,스마트운행체공학과,U04110100057
나,4년제 대학,공학계열,4,기타,411,기전공학,41101,스마트디지털기기전공,U04110100058
나,4년제 대학,공학계열,4,기타,411,응용공학,41102,안전방재공학과,U04110200172
나,4년제 대학,공학계열,4,기타,411,응용공학,41102,출판미디어공학과,U04110200173
나,4년제 대학,공학계열,4,기타,411,응용공학,41102,화장품발명디자인공학과,U04110200174
나,4년제 대학,공학계열,4,기타,411,응용공학,41102,화장품발명디자인전공,U04110200175
나,4년제 대학,공학계열,4,기타,411,응용공학,41102,안전소방학부,U04110200176
나,4년제 대학,공학계열,4,기타,411,응용공학,41102,국가안전융합학부,U04110200177
나,4년제 대학,공학계열,4,기타,411,응용공학,41102,바이오화장품공학전공,U04110200178
나,4년제 대학,공학계열,4,기타,411,응용공학,41102,바이오코스메틱학과,U04110200179
나,4년제 대학,공학계열,4,기타,411,응용공학,41102,산업디자인공학전공,U04110200180
나,4년제 대학,공학계열,4,기타,411,응용공학,41102,화장품·제약자율전공,U04110200181
나,4년제 대학,공학계열,4,기타,411,응용공학,41102,화장품공학부,U04110200182
나,4년제 대학,공학계열,4,기타,411,응용공학,41102,원자력방재학과,U04110200183
나,4년제 대학,공학계열,4,기타,411,응용공학,41102,화장품공학과,U04110200184
나,4년제 대학,공학계열,4,기타,411,응용공학,41102,재난안전소방학과,U04110200185
나,4년제 대학,공학계열,4,기타,411,응용공학,41102,서비스・디자인공학과,U04110200186
나,4년제 대학,공학계열,4,기타,411,교양공학,41103,자유공학부,U04110300095
나,4년제 대학,공학계열,4,기타,411,교양공학,41103,과학기술융합학부,U04110300096
나,4년제 대학,공학계열,4,기타,411,교양공학,41103,ICT융합학부,U04110300097
나,4년제 대학,공학계열,4,기타,411,교양공학,41103,국제자유전공학부,U04110300098
나,4년제 대학,공학계열,4,기타,411,교양공학,41103,디자인공학부,U04110300099
나,4년제 대학,공학계열,4,기타,411,교양공학,41103,IT공과대학,U04110300100
나,4년제 대학,공학계열,4,기타,411,교양공학,41103,웰니스융합학부,U04110300101
나,4년제 대학,공학계열,4,기타,411,교양공학,41103,미래사회공학부,U04110300102
나,4년제 대학,공학계열,4,기타,411,교양공학,41103,차세대기술공학부,U04110300103
나,4년제 대학,공학계열,4,기타,411,교양공학,41103,ICT융합공학부,U04110300104
나,4년제 대학,공학계열,4,기타,411,교양공학,41103,자율융합공학부,U04110300105
나,4년제 대학,공학계열,4,기타,411,교양공학,41103,융합특성화자유전공학부,U04110300106
나,4년제 대학,공학계열,4,기타,411,교양공학,41103,국방과학기술학부,U04110300107
나,4년제 대학,공학계열,4,기타,411,교양공학,41103,공학・예술계열,U04110300108
나,4년제 대학,공학계열,4,기타,411,교양공학,41103,창의융합교육원(공학),U04110300109
나,4년제 대학,자연계열,5,농림ㆍ수산,501,농업학,50101,친환경바이오융합학과(한약자원트랙),U05010100090
나,4년제 대학,자연계열,5,농림ㆍ수산,501,농업학,50101,식량자원과학과,U05010100091
나,4년제 대학,자연계열,5,농림ㆍ수산,501,농업학,50101,생명공학부 동물생명공학전공,U05010100092
나,4년제 대학,자연계열,5,농림ㆍ수산,501,농업학,50101,ICT경영스마트농업공학전공,U05010100093
나,4년제 대학,자연계열,5,농림ㆍ수산,501,수산학,50102,친환경바이오융합학과(해양수산자원트랙),U05010200021
나,4년제 대학,자연계열,5,농림ㆍ수산,501,산림ㆍ원예학,50103,친환경바이오융합학과(원예생명과학트랙),U05010300118
나,4년제 대학,자연계열,5,농림ㆍ수산,501,산림ㆍ원예학,50103,산림자원・조경학부(산림자원전공),U05010300119
나,4년제 대학,자연계열,5,생물ㆍ화학ㆍ환경,502,생명과학,50201,바이오융합학부,U05020100418
나,4년제 대학,자연계열,5,생물ㆍ화학ㆍ환경,502,생명과학,50201,바이오제약공학과,U05020100419
나,4년제 대학,자연계열,5,생물ㆍ화학ㆍ환경,502,생명과학,50201,화학생명과학과,U05020100420
나,4년제 대학,자연계열,5,생물ㆍ화학ㆍ환경,502,생명과학,50201,바이오테크놀로지학부,U05020100421
나,4년제 대학,자연계열,5,생물ㆍ화학ㆍ환경,502,생명과학,50201,식품생명공학전공/생명시스템학부,U05020100422
나,4년제 대학,자연계열,5,생물ㆍ화학ㆍ환경,502,생명과학,50201,바이오응용공학부,U05020100423
나,4년제 대학,자연계열,5,생물ㆍ화학ㆍ환경,502,생명과학,50201,바이오의약공학전공,U05020100424
나,4년제 대학,자연계열,5,생물ㆍ화학ㆍ환경,502,생명과학,50201,생명화학공학부 생명공학과,U05020100425
나,4년제 대학,자연계열,5,생물ㆍ화학ㆍ환경,502,생명과학,50201,바이오인포매틱스전공,U05020100426
나,4년제 대학,자연계열,5,생물ㆍ화학ㆍ환경,502,생명과학,50201,의약신소재전공,U05020100427
나,4년제 대학,자연계열,5,생물ㆍ화학ㆍ환경,502,생명과학,50201,바이오제약산업학부,U05020100428
나,4년제 대학,자연계열,5,생물ㆍ화학ㆍ환경,502,생명과학,50201,바이오공학및마케팅,U05020100429
나,4년제 대학,자연계열,5,생물ㆍ화학ㆍ환경,502,생명과학,50201,바이오싸이언스,U05020100430
나,4년제 대학,자연계열,5,생물ㆍ화학ㆍ환경,502,생명과학,50201,바이오화학산업학부,U05020100431
나,4년제 대학,자연계열,5,생물ㆍ화학ㆍ환경,502,생명과학,50201,융합생명공학과,U05020100432
나,4년제 대학,자연계열,5,생물ㆍ화학ㆍ환경,502,생명과학,50201,줄기세포재생공학과,U05020100433
나,4년제 대학,자연계열,5,생물ㆍ화학ㆍ환경,502,생명과학,50201,바이오융합과학부,U05020100434
나,4년제 대학,자연계열,5,생물ㆍ화학ㆍ환경,502,생명과학,50201,의생명화학전공,U05020100435
나,4년제 대학,자연계열,5,생물ㆍ화학ㆍ환경,502,생명과학,50201,생명과학-통계학 전공,U05020100436
나,4년제 대학,자연계열,5,생물ㆍ화학ㆍ환경,502,생명과학,50201,바이오스마트공정관리전공,U05020100437
나,4년제 대학,자연계열,5,생물ㆍ화학ㆍ환경,502,생명과학,50201,바이오헬스융합계열,U05020100438
나,4년제 대학,자연계열,5,생물ㆍ화학ㆍ환경,502,생명과학,50201,식품생명제약공학부,U05020100439
나,4년제 대학,자연계열,5,생물ㆍ화학ㆍ환경,502,생명과학,50201,생명공학부 생명과학전공,U05020100440
나,4년제 대학,자연계열,5,생물ㆍ화학ㆍ환경,502,생명과학,50201,바이오생명공학과,U05020100441
나,4년제 대학,자연계열,5,생물ㆍ화학ㆍ환경,502,생명과학,50201,글로벌바이오메디컬공학과,U05020100442
나,4년제 대학,자연계열,5,생물ㆍ화학ㆍ환경,502,생명과학,50201,바이오산업품질관리학과,U05020100443
나,4년제 대학,자연계열,5,생물ㆍ화학ㆍ환경,502,생명과학,50201,헬스케어진단전공,U05020100444
나,4년제 대학,자연계열,5,생물ㆍ화학ㆍ환경,502,자원학,50204,천연물자원전공,U05020400237
나,4년제 대학,자연계열,5,생물ㆍ화학ㆍ환경,502,화학,50205,화장품과학전공,U05020500076
나,4년제 대학,자연계열,5,생물ㆍ화학ㆍ환경,502,화학,50205,향산업전공,U05020500077
나,4년제 대학,자연계열,5,생물ㆍ화학ㆍ환경,502,화학,50205,융합화학산업,U05020500078
나,4년제 대학,자연계열,5,생물ㆍ화학ㆍ환경,502,화학,50205,피부미용향장화학과,U05020500079
나,4년제 대학,자연계열,5,생물ㆍ화학ㆍ환경,502,화학,50205,화장품.뷰티생명공학부,U05020500080
나,4년제 대학,자연계열,5,생물ㆍ화학ㆍ환경,502,환경학,50206,해양바이오공학전공,U05020600211
나,4년제 대학,자연계열,5,생물ㆍ화학ㆍ환경,502,환경학,50206,ICT환경융합전공,U05020600212
나,4년제 대학,자연계열,5,생물ㆍ화학ㆍ환경,502,환경학,50206,항공환경전공,U05020600213
나,4년제 대학,자연계열,5,생물ㆍ화학ㆍ환경,502,환경학,50206,환경에너지공학,U05020600214
나,4년제 대학,자연계열,5,생물ㆍ화학ㆍ환경,502,환경학,50206,환경보건과학과,U05020600215
나,4년제 대학,자연계열,5,생물ㆍ화학ㆍ환경,502,환경학,50206,환경공학과(환경공학전공),U05020600216
나,4년제 대학,자연계열,5,생물ㆍ화학ㆍ환경,502,환경학,50206,환경공학과(환경정책전공),U05020600217
나,4년제 대학,자연계열,5,생활과학,503,가정관리학,50301,소비자생활문화산업학과,U05030100079
나,4년제 대학,자연계열,5,생활과학,503,식품영양학,50302,외식조리창업학과,U05030200267
나,4년제 대학,자연계열,5,생활과학,503,식품영양학,50302,식품・수산학부,U05030200268
나,4년제 대학,자연계열,5,생활과학,503,식품영양학,50302,바이오식품과학부,U05030200269
나,4년제 대학,자연계열,5,생활과학,503,식품영양학,50302,글로벌명품조리학과,U05030200270
나,4년제 대학,자연계열,5,생활과학,503,식품영양학,50302,외식영양・의류학부 외식영양학과,U05030200271
나,4년제 대학,자연계열,5,생활과학,503,식품영양학,50302,항공식품전공,U05030200272
나,4년제 대학,자연계열,5,생활과학,503,식품영양학,50302,외식조리영양학과,U05030200273
나,4년제 대학,자연계열,5,생활과학,503,식품영양학,50302,식품생명학부,U05030200274
나,4년제 대학,자연계열,5,생활과학,503,식품영양학,50302,조리외식경영학전공,U05030200275
나,4년제 대학,자연계열,5,생활과학,503,식품영양학,50302,식품영양학부(식품영양학전공),U05030200276
나,4년제 대학,자연계열,5,생활과학,503,식품영양학,50302,친환경바이오융합학과(식품영양트랙),U05030200277
나,4년제 대학,자연계열,5,생활과학,503,식품영양학,50302,바이오식품산업학부,U05030200278
나,4년제 대학,자연계열,5,생활과학,503,식품영양학,50302,건강・미용뷰티조리전공,U05030200279
나,4년제 대학,자연계열,5,생활과학,503,식품영양학,50302,제과・제빵전공,U05030200280
나,4년제 대학,자연계열,5,생활과학,503,식품영양학,50302,식품유통공학과,U05030200281
나,4년제 대학,자연계열,5,생활과학,503,식품영양학,50302,축산식품생명공학과,U05030200282
나,4년제 대학,자연계열,5,생활과학,503,식품영양학,50302,식품외식학과,U05030200283
나,4년제 대학,자연계열,5,생활과학,503,식품영양학,50302,글로벌조리비즈니스,U05030200284
나,4년제 대학,자연계열,5,생활과학,503,식품영양학,50302,식품산업융합학부,U05030200285
나,4년제 대학,자연계열,5,생활과학,503,의류ㆍ의상학,50303,외식영양・의류학부 의류학과,U05030300062
나,4년제 대학,자연계열,5,생활과학,503,의류ㆍ의상학,50303,토탈패션산업학과,U05030300063
나,4년제 대학,자연계열,5,수학ㆍ물리ㆍ천문ㆍ지리,504,수학,50401,응용수리과학부,U05040100091
나,4년제 대학,자연계열,5,수학ㆍ물리ㆍ천문ㆍ지리,504,수학,50401,데이터계산과학전공,U05040100092
나,4년제 대학,자연계열,5,수학ㆍ물리ㆍ천문ㆍ지리,504,수학,50401,수학・정보통계학부 수학전공,U05040100093
나,4년제 대학,자연계열,5,수학ㆍ물리ㆍ천문ㆍ지리,504,수학,50401,정보보안암호수학과,U05040100094
나,4년제 대학,자연계열,5,수학ㆍ물리ㆍ천문ㆍ지리,504,통계학,50402,국가통계전공,U05040200057
나,4년제 대학,자연계열,5,수학ㆍ물리ㆍ천문ㆍ지리,504,통계학,50402,수학・정보통계학부 정보통계학전공,U05040200058
나,4년제 대학,자연계열,5,수학ㆍ물리ㆍ천문ㆍ지리,504,통계학,50402,빅데이터전공,U05040200059
나,4년제 대학,자연계열,5,수학ㆍ물리ㆍ천문ㆍ지리,504,통계학,50402,데이터테크전공,U05040200060
나,4년제 대학,자연계열,5,수학ㆍ물리ㆍ천문ㆍ지리,504,통계학,50402,IT의료데이터과학전공,U05040200061
나,4년제 대학,자연계열,5,수학ㆍ물리ㆍ천문ㆍ지리,504,통계학,50402,데이터과학과,U05040200062
나,4년제 대학,자연계열,5,수학ㆍ물리ㆍ천문ㆍ지리,504,통계학,50402,통계데이터과학전공,U05040200063
나,4년제 대학,자연계열,5,수학ㆍ물리ㆍ천문ㆍ지리,504,물리ㆍ과학,50403,반도체물리전공,U05040300100
나,4년제 대학,자연계열,5,수학ㆍ물리ㆍ천문ㆍ지리,504,물리ㆍ과학,50403,나노재료,U05040300101
나,4년제 대학,자연계열,5,수학ㆍ물리ㆍ천문ㆍ지리,504,물리ㆍ과학,50403,물리·천문학부,U05040300102
나,4년제 대학,자연계열,5,수학ㆍ물리ㆍ천문ㆍ지리,504,물리ㆍ과학,50403,물리학-전자물리학 전공,U05040300103
나,4년제 대학,자연계열,5,수학ㆍ물리ㆍ천문ㆍ지리,504,물리ㆍ과학,50403,디스플레이·반도체물리학부,U05040300104
나,4년제 대학,자연계열,5,수학ㆍ물리ㆍ천문ㆍ지리,504,물리ㆍ과학,50403,디스플레이융합전공,U05040300105
나,4년제 대학,자연계열,5,수학ㆍ물리ㆍ천문ㆍ지리,504,교양자연과학,50406,MSC교육부,U05040600086
나,4년제 대학,자연계열,5,수학ㆍ물리ㆍ천문ㆍ지리,504,교양자연과학,50406,창의융합교육원(자연과학),U05040600087
나,4년제 대학,의약계열,6,의료,601,의학,60101,교양학부(의약계열),U06010100028
나,4년제 대학,의약계열,6,간호,602,간호학,60201,간호복지학부,U06020100026
나,4년제 대학,의약계열,6,치료ㆍ보건,604,보건학,60401,보건복지학과,U06040100089
나,4년제 대학,의약계열,6,치료ㆍ보건,604,보건학,60401,임상의약학과,U06040100090
나,4년제 대학,의약계열,6,치료ㆍ보건,604,보건학,60401,CRO임상시험학과,U06040100091
나,4년제 대학,의약계열,6,치료ㆍ보건,604,보건학,60401,건강돌봄디자인전공,U06040100092
나,4년제 대학,의약계열,6,치료ㆍ보건,604,재활학,60402,재활보건관리학과(자연),U06040200066
나,4년제 대학,의약계열,6,치료ㆍ보건,604,재활학,60402,치료・과학계열,U06040200067
나,4년제 대학,의약계열,6,치료ㆍ보건,604,재활학,60402,재활치료학부(언어치료학전공/심리재활학전공),U06040200068
나,4년제 대학,의약계열,6,치료ㆍ보건,604,재활학,60402,재활특수교육학과,U06040200069
나,4년제 대학,의약계열,6,치료ㆍ보건,604,의료공학,60403,의료IT공학전공,U06040300057
나,4년제 대학,의약계열,6,치료ㆍ보건,604,의료공학,60403,의료IT융합전공,U06040300058
나,4년제 대학,의약계열,6,치료ㆍ보건,604,의료공학,60403,휴먼기계바이오공학부,U06040300059
나,4년제 대학,의약계열,6,치료ㆍ보건,604,의료공학,60403,의학공학전공,U06040300060
나,4년제 대학,의약계열,6,치료ㆍ보건,604,의료공학,60403,바이오융합공학전공,U06040300061
나,4년제 대학,의약계열,6,치료ㆍ보건,604,의료공학,60403,의료시스템공학전공,U06040300062
나,4년제 대학,의약계열,6,치료ㆍ보건,604,의료공학,60403,의료IT학과,U06040300063
나,4년제 대학,예체능계열,7,디자인,701,디자인일반,70101,창의융합디자인학과,U07010100029
나,4년제 대학,예체능계열,7,디자인,701,디자인일반,70101,아트앤디자인학과,U07010100030
나,4년제 대학,예체능계열,7,디자인,701,디자인일반,70101,창업예술학부,U07010100031
나,4년제 대학,예체능계열,7,디자인,701,디자인일반,70101,ICT디자인학부,U07010100032
나,4년제 대학,예체능계열,7,디자인,701,산업디자인,70102,제품디자인공학전공,U07010200046
나,4년제 대학,예체능계열,7,디자인,701,시각디자인,70103,시각조형디자인학과,U07010300067
나,4년제 대학,예체능계열,7,디자인,701,시각디자인,70103,모바일미디어디자인전공,U07010300068
나,4년제 대학,예체능계열,7,디자인,701,시각디자인,70103,CG디자인학전공,U07010300069
나,4년제 대학,예체능계열,7,디자인,701,시각디자인,70103,커뮤니케이션디자인,U07010300070
나,4년제 대학,예체능계열,7,디자인,701,시각디자인,70103,유니버설비주얼디자인전공,U07010300071
나,4년제 대학,예체능계열,7,디자인,701,시각디자인,70103,미디어컨텐츠디자인학과,U07010300072
나,4년제 대학,예체능계열,7,디자인,701,시각디자인,70103,시각미디어디자인전공,U07010300073
나,4년제 대학,예체능계열,7,디자인,701,시각디자인,70103,게임테크디자인학과,U07010300074
나,4년제 대학,예체능계열,7,디자인,701,시각디자인,70103,복지융합인재학부 유니버설비주얼디자인전공,U07010300075
나,4년제 대학,예체능계열,7,디자인,701,패션디자인,70104,텍스타일디자인과,U07010400066
나,4년제 대학,예체능계열,7,디자인,701,패션디자인,70104,K-패션디자인전공,U07010400067
나,4년제 대학,예체능계열,7,디자인,701,패션디자인,70104,패션・주얼리학부,U07010400068
나,4년제 대학,예체능계열,7,디자인,701,패션디자인,70104,글로벌패션산업학부,U07010400069
나,4년제 대학,예체능계열,7,디자인,701,패션디자인,70104,패션디자인,U07010400070
나,4년제 대학,예체능계열,7,디자인,701,패션디자인,70104,글로벌패션디자인연출전공,U07010400071
나,4년제 대학,예체능계열,7,디자인,701,패션디자인,70104,패션뷰티디자인전공,U07010400072
나,4년제 대학,예체능계열,7,디자인,701,패션디자인,70104,패션스타일링학과,U07010400073
나,4년제 대학,예체능계열,7,디자인,701,기타디자인,70105,조형융합학부,U07010500401
나,4년제 대학,예체능계열,7,디자인,701,기타디자인,70105,생활공간디자인학과,U07010500402
나,4년제 대학,예체능계열,7,디자인,701,기타디자인,70105,융합디자인전공,U07010500403
나,4년제 대학,예체능계열,7,디자인,701,기타디자인,70105,디자인콘텐츠융합계열,U07010500404
나,4년제 대학,예체능계열,7,디자인,701,기타디자인,70105,문화콘텐츠디자인전공,U07010500405
나,4년제 대학,예체능계열,7,응용예술,702,공예,70201,미술학부 생활예술학과,U07020100070
나,4년제 대학,예체능계열,7,응용예술,702,공예,70201,공예디자인,U07020100071
나,4년제 대학,예체능계열,7,응용예술,702,사진ㆍ만화,70202,사진미디어과,U07020200095
나,4년제 대학,예체능계열,7,응용예술,702,영상ㆍ예술,70203,뷰티산업학부,U07020310003
나,4년제 대학,예체능계열,7,응용예술,702,영상ㆍ예술,70203,공연영상콘텐츠학과,U07020310004
나,4년제 대학,예체능계열,7,응용예술,702,영상ㆍ예술,70203,첨단미디어전공,U07020310005
나,4년제 대학,예체능계열,7,응용예술,702,영상ㆍ예술,70203,뷰티코스메틱학과,U07020310006
나,4년제 대학,예체능계열,7,응용예술,702,영상ㆍ예술,70203,방송·영상콘텐츠학과,U07020310007
나,4년제 대학,예체능계열,7,응용예술,702,영상ㆍ예술,70203,미디어영상제작학과,U07020310008
나,4년제 대학,예체능계열,7,응용예술,702,영상ㆍ예술,70203,뷰티디자인매니지먼트학과,U07020310009
나,4년제 대학,예체능계열,7,응용예술,702,영상ㆍ예술,70203,콘텐츠제작학부,U07020310010
나,4년제 대학,예체능계열,7,응용예술,702,영상ㆍ예술,70203,건강뷰티향장학과,U07020310011
나,4년제 대학,예체능계열,7,응용예술,702,영상ㆍ예술,70203,뷰티케어디자인학과,U07020310012
나,4년제 대학,예체능계열,7,응용예술,702,영상ㆍ예술,70203,뷰티향장학과,U07020310013
나,4년제 대학,예체능계열,7,응용예술,702,영상ㆍ예술,70203,문화컨텐츠테크놀러지,U07020310014
나,4년제 대학,예체능계열,7,응용예술,702,영상ㆍ예술,70203,다이나믹미디어전공,U07020310015
나,4년제 대학,예체능계열,7,응용예술,702,영상ㆍ예술,70203,뷰티테라피 & 메이크업학과,U07020310016
나,4년제 대학,예체능계열,7,응용예술,702,영상ㆍ예술,70203,헤어･메이크업 디자인학과,U07020310017
나,4년제 대학,예체능계열,7,응용예술,702,영상ㆍ예술,70203,방송콘텐츠학과,U07020310018
나,4년제 대학,예체능계열,7,응용예술,702,영상ㆍ예술,70203,패션.미용학부,U07020310019
나,4년제 대학,예체능계열,7,응용예술,702,영상ㆍ예술,70203,글로벌의료뷰티학과,U07020310020
나,4년제 대학,예체능계열,7,응용예술,702,영상ㆍ예술,70203,토탈뷰티케어학과,U07020310021
나,4년제 대학,예체능계열,7,응용예술,702,영상ㆍ예술,70203,뷰티산업학과,U07020310022
나,4년제 대학,예체능계열,7,응용예술,702,영상ㆍ예술,70203,창의융합교육원(예체능),U07020310023
나,4년제 대학,예체능계열,7,무용ㆍ체육,703,무용,70301,창조공연예술학부 무용전공,U07030100044
나,4년제 대학,예체능계열,7,무용ㆍ체육,703,무용,70301,스포츠・무용학부 무용예술학과,U07030100045
나,4년제 대학,예체능계열,7,무용ㆍ체육,703,체육,70302,스포츠비즈니스전공,U07030200372
나,4년제 대학,예체능계열,7,무용ㆍ체육,703,체육,70302,스포츠・무도학부,U07030200373
나,4년제 대학,예체능계열,7,무용ㆍ체육,703,체육,70302,스포츠과학부(골프스포츠산업트랙),U07030200374
나,4년제 대학,예체능계열,7,무용ㆍ체육,703,체육,70302,스포츠과학부(사회체육트랙),U07030200375
나,4년제 대학,예체능계열,7,무용ㆍ체육,703,체육,70302,레저힐링학부,U07030200376
나,4년제 대학,예체능계열,7,무용ㆍ체육,703,체육,70302,항노화헬스케어학과,U07030200377
나,4년제 대학,예체능계열,7,무용ㆍ체육,703,체육,70302,재활치료학부(특수체육학전공),U07030200378
나,4년제 대학,예체능계열,7,무용ㆍ체육,703,체육,70302,레저스포츠태권도학부,U07030200379
나,4년제 대학,예체능계열,7,무용ㆍ체육,703,체육,70302,스포츠・무용학부 스포츠건강관리학과,U07030200380
나,4년제 대학,예체능계열,7,무용ㆍ체육,703,체육,70302,스포츠문화전공,U07030200381
나,4년제 대학,예체능계열,7,무용ㆍ체육,703,체육,70302,스포츠코칭전공,U07030200382
나,4년제 대학,예체능계열,7,무용ㆍ체육,703,체육,70302,태권도복지학과,U07030200383
나,4년제 대학,예체능계열,7,무용ㆍ체육,703,체육,70302,헬스디자인학과,U07030200384
나,4년제 대학,예체능계열,7,무용ㆍ체육,703,체육,70302,건강운동관리학과,U07030200385
나,4년제 대학,예체능계열,7,무용ㆍ체육,703,체육,70302,스포츠응용산업학과,U07030200386
나,4년제 대학,예체능계열,7,무용ㆍ체육,703,체육,70302,생활스포츠건강학전공,U07030200387
나,4년제 대학,예체능계열,7,무용ㆍ체육,703,체육,70302,뷰티헬스케어학과,U07030200388
나,4년제 대학,예체능계열,7,무용ㆍ체육,703,체육,70302,실버복지스포츠학부,U07030200389
나,4년제 대학,예체능계열,7,무용ㆍ체육,703,체육,70302,실버스포츠학전공,U07030200390
나,4년제 대학,예체능계열,7,무용ㆍ체육,703,체육,70302,스포츠산업융합학부,U07030200391
나,4년제 대학,예체능계열,7,무용ㆍ체육,703,체육,70302,레저스포츠,U07030200392
나,4년제 대학,예체능계열,7,무용ㆍ체육,703,체육,70302,운동건강관리,U07030200393
나,4년제 대학,예체능계열,7,무용ㆍ체육,703,체육,70302,체육학,U07030200394
나,4년제 대학,예체능계열,7,무용ㆍ체육,703,체육,70302,스포츠레저산업학과,U07030200395
나,4년제 대학,예체능계열,7,무용ㆍ체육,703,체육,70302,경호스포츠학과,U07030200396
나,4년제 대학,예체능계열,7,무용ㆍ체육,703,체육,70302,스포츠재활복지전공,U07030200397
나,4년제 대학,예체능계열,7,무용ㆍ체육,703,체육,70302,스포츠과학부 태권도전공,U07030200398
나,4년제 대학,예체능계열,7,무용ㆍ체육,703,체육,70302,레저힐링학부 골프학전공,U07030200399
나,4년제 대학,예체능계열,7,무용ㆍ체육,703,체육,70302,레저힐링학부 레저스포츠학전공,U07030200400
나,4년제 대학,예체능계열,7,무용ㆍ체육,703,체육,70302,체육학부 합기도학전공,U07030200401
나,4년제 대학,예체능계열,7,무용ㆍ체육,703,체육,70302,복지융합인재학부 스포츠복지전공,U07030200402
나,4년제 대학,예체능계열,7,무용ㆍ체육,703,체육,70302,융합레포츠학과,U07030200403
나,4년제 대학,예체능계열,7,미술ㆍ조형,704,순수미술,70401,회화,U07040100105
나,4년제 대학,예체능계열,7,미술ㆍ조형,704,순수미술,70401,미술문화복지전공,U07040100106
나,4년제 대학,예체능계열,7,미술ㆍ조형,704,순수미술,70401,복지융합인재학부 미술문화복지전공,U07040100107
나,4년제 대학,예체능계열,7,미술ㆍ조형,704,응용미술,70402,디자인조형학과,U07040200054
나,4년제 대학,예체능계열,7,미술ㆍ조형,704,조형,70403,조형미술전공,U07040300055
나,4년제 대학,예체능계열,7,미술ㆍ조형,704,조형,70403,미술학부 조형예술학과,U07040300056
나,4년제 대학,예체능계열,7,연극ㆍ영화,705,연극ㆍ영화,70501,문화예술학부 뮤지컬전공,U07050110002
나,4년제 대학,예체능계열,7,연극ㆍ영화,705,연극ㆍ영화,70501,문화예술학부 연기예술전공,U07050110003
나,4년제 대학,예체능계열,7,연극ㆍ영화,705,연극ㆍ영화,70501,융합전공 공연예술전공,U07050110004
나,4년제 대학,예체능계열,7,연극ㆍ영화,705,연극ㆍ영화,70501,뮤지컬(방송연기)전공,U07050110005
나,4년제 대학,예체능계열,7,연극ㆍ영화,705,연극ㆍ영화,70501,공연영상문화예술학부,U07050110006
나,4년제 대학,예체능계열,7,연극ㆍ영화,705,연극ㆍ영화,70501,국제자유전공학부 영상연기&제작전공,U07050110007
나,4년제 대학,예체능계열,7,음악,706,음악학,70601,창조공연예술학부 음악전공,U07060100034
나,4년제 대학,예체능계열,7,음악,706,음악학,70601,공연음악학과,U07060100035
나,4년제 대학,예체능계열,7,음악,706,기악,70603,기악(연주)전공,U07060300109
나,4년제 대학,예체능계열,7,음악,706,성악,70604,성악・뮤지컬학과,U07060400032
나,4년제 대학,예체능계열,7,음악,706,기타음악,70606,음악콘텐츠학과,U07060600083
나,4년제 대학,예체능계열,7,음악,706,기타음악,70606,공연음악예술학부,U07060600084
나,4년제 대학,예체능계열,7,음악,706,기타음악,70606,뮤지컬ㆍ실용음악학과,U07060600085
나,4년제 대학,예체능계열,7,음악,706,기타음악,70606,보컬전공,U07060600086
다,대학원과정,인문계열,1,언어ㆍ문학,101,언어학,10101,통역번역학부,G01010100015
다,대학원과정,인문계열,1,언어ㆍ문학,101,국어ㆍ국문학,10102,효한국어교육학과,G01010200047
다,대학원과정,인문계열,1,언어ㆍ문학,101,국어ㆍ국문학,10102,KFLT(외국어로서의한국어번역전공),G01010200048
다,대학원과정,인문계열,1,언어ㆍ문학,101,중국어ㆍ문학,10104,한중비즈니스통번역학과,G01010400035
다,대학원과정,인문계열,1,언어ㆍ문학,101,기타 아시아어ㆍ문학,10105,인도.아세안어문번역학과,G01010500015
다,대학원과정,인문계열,1,언어ㆍ문학,101,스페인어ㆍ문학,10109,스페인・중남미학과,G01010900011
다,대학원과정,인문계열,1,언어ㆍ문학,101,프랑스어ㆍ문학,10110,프랑스・아프리카학과,G01011000013
다,대학원과정,인문계열,1,언어ㆍ문학,101,교양어ㆍ문학,10112,수어학,G01011200040
다,대학원과정,인문계열,1,언어ㆍ문학,101,교양어ㆍ문학,10112,수화언어통번역학과,G01011200041
다,대학원과정,인문계열,1,인문과학,102,문화ㆍ민속ㆍ미술사학,10202,지역문화기획전공,G01020200154
다,대학원과정,인문계열,1,인문과학,102,문화ㆍ민속ㆍ미술사학,10202,문화융합콘텐츠학과,G01020200155
다,대학원과정,인문계열,1,인문과학,102,문화ㆍ민속ㆍ미술사학,10202,문화관광산업전공,G01020200156
다,대학원과정,인문계열,1,인문과학,102,문화ㆍ민속ㆍ미술사학,10202,인터랙티브콘텐츠전공(학과간협동과정),G01020200157
다,대학원과정,인문계열,1,인문과학,102,문화ㆍ민속ㆍ미술사학,10202,국제차문화과학협동과정,G01020200158
다,대학원과정,인문계열,1,인문과학,102,문화ㆍ민속ㆍ미술사학,10202,문화재활용학과,G01020200159
다,대학원과정,인문계열,1,인문과학,102,문화ㆍ민속ㆍ미술사학,10202,기초인문학과,G01020200160
다,대학원과정,인문계열,1,인문과학,102,문화ㆍ민속ㆍ미술사학,10202,해양문화콘텐츠융복합전공,G01020200161
다,대학원과정,인문계열,1,인문과학,102,문화ㆍ민속ㆍ미술사학,10202,문화유산융합학과,G01020200162
다,대학원과정,인문계열,1,인문과학,102,문화ㆍ민속ㆍ미술사학,10202,문화재수리기술학과,G01020200163
다,대학원과정,인문계열,1,인문과학,102,문화ㆍ민속ㆍ미술사학,10202,문화매개전공,G01020200164
다,대학원과정,인문계열,1,인문과학,102,문화ㆍ민속ㆍ미술사학,10202,ICT콘텐츠학과,G01020200165
다,대학원과정,인문계열,1,인문과학,102,문화ㆍ민속ㆍ미술사학,10202,스포츠아트테인먼트학과,G01020200166
다,대학원과정,인문계열,1,인문과학,102,문화ㆍ민속ㆍ미술사학,10202,융합문화학과,G01020200167
다,대학원과정,인문계열,1,인문과학,102,심리학,10203,상담학(M.A.),G01020300083
다,대학원과정,인문계열,1,인문과학,102,심리학,10203,아동청소년상담,G01020300084
다,대학원과정,인문계열,1,인문과학,102,심리학,10203,예술치료교육및상담,G01020300085
다,대학원과정,인문계열,1,인문과학,102,심리학,10203,인재개발및조직상담,G01020300086
다,대학원과정,인문계열,1,인문과학,102,심리학,10203,상담및임상심리전공,G01020300087
다,대학원과정,인문계열,1,인문과학,102,심리학,10203,독서치료학과,G01020300088
다,대학원과정,인문계열,1,인문과학,102,심리학,10203,상담치료학과,G01020300089
다,대학원과정,인문계열,1,인문과학,102,심리학,10203,인지과학전공,G01020300090
다,대학원과정,인문계열,1,인문과학,102,심리학,10203,임상심리학전공,G01020300091
다,대학원과정,인문계열,1,인문과학,102,심리학,10203,문학・예술치료학과,G01020300092
다,대학원과정,인문계열,1,인문과학,102,역사ㆍ고고학,10204,문화유산학,G01020400037
다,대학원과정,인문계열,1,인문과학,102,종교학,10205,신학순결학과,G01020510003
다,대학원과정,인문계열,1,인문과학,102,종교학,10205,신학과(교역과정),G01020510004
다,대학원과정,인문계열,1,인문과학,102,종교학,10205,신학과(성서전문가과정),G01020510005
다,대학원과정,인문계열,1,인문과학,102,종교학,10205,신학과(전문학위성직과정),G01020510006
다,대학원과정,인문계열,1,인문과학,102,종교학,10205,산림치유선교학과,G01020510007
다,대학원과정,인문계열,1,인문과학,102,종교학,10205,밀알신학과,G01020510008
다,대학원과정,인문계열,1,인문과학,102,국제지역학,10206,중동・아프리카학과,G01020600143
다,대학원과정,인문계열,1,인문과학,102,국제지역학,10206,글로벌지역학협동과정,G01020600144
다,대학원과정,인문계열,1,인문과학,102,국제지역학,10206,국제한국학과,G01020600145
다,대학원과정,인문계열,1,인문과학,102,국제지역학,10206,동남아지역학과,G01020600146
다,대학원과정,인문계열,1,인문과학,102,국제지역학,10206,러시아・중앙아시아・인도지역학과,G01020600147
다,대학원과정,인문계열,1,인문과학,102,국제지역학,10206,유럽지역학과,G01020600148
다,대학원과정,인문계열,1,인문과학,102,국제지역학,10206,지중해지역학과,G01020600149
다,대학원과정,인문계열,1,인문과학,102,국제지역학,10206,아프리카·불어권언어문화학과,G01020600150
다,대학원과정,인문계열,1,인문과학,102,국제지역학,10206,국제지역학과 미국학전공,G01020600151
다,대학원과정,인문계열,1,인문과학,102,국제지역학,10206,국제지역학과 북한학전공,G01020600152
다,대학원과정,인문계열,1,인문과학,102,국제지역학,10206,국제지역학과 일본학전공,G01020600153
다,대학원과정,인문계열,1,인문과학,102,국제지역학,10206,국제지역학과 중국학전공,G01020600154
다,대학원과정,인문계열,1,인문과학,102,국제지역학,10206,인문정보학・인문지리학전공,G01020600155
다,대학원과정,인문계열,1,인문과학,102,철학ㆍ윤리학,10207,유교경전⋅한국사상전공,G01020700085
다,대학원과정,사회계열,2,경영ㆍ경제,201,경영학,20101,파이낸셜플래너경영학석사,G02010100906
다,대학원과정,사회계열,2,경영ㆍ경제,201,경영학,20101,빅데이터경영학석사,G02010100907
다,대학원과정,사회계열,2,경영ㆍ경제,201,경영학,20101,글로벌비즈니스경영학석사,G02010100908
다,대학원과정,사회계열,2,경영ㆍ경제,201,경영학,20101,글로벌벤처창업학과,G02010100909
다,대학원과정,사회계열,2,경영ㆍ경제,201,경영학,20101,빅데이터비즈니스학과,G02010100910
다,대학원과정,사회계열,2,경영ㆍ경제,201,경영학,20101,뉴미디어학부 미디어비즈니스전공,G02010100911
다,대학원과정,사회계열,2,경영ㆍ경제,201,경영학,20101,호텔・외식경영학과,G02010100912
다,대학원과정,사회계열,2,경영ㆍ경제,201,경영학,20101,국제의료관광마케팅학과,G02010100913
다,대학원과정,사회계열,2,경영ㆍ경제,201,경영학,20101,Dongguk Global MBA,G02010100914
다,대학원과정,사회계열,2,경영ㆍ경제,201,경영학,20101,Dongguk MBA,G02010100915
다,대학원과정,사회계열,2,경영ㆍ경제,201,경영학,20101,글로벌미래경영전공,G02010100916
다,대학원과정,사회계열,2,경영ㆍ경제,201,경영학,20101,앙트레프레너십경영전공,G02010100917
다,대학원과정,사회계열,2,경영ㆍ경제,201,경영학,20101,헬스케어경영전공,G02010100918
다,대학원과정,사회계열,2,경영ㆍ경제,201,경영학,20101,미래융합컨설팅학과,G02010100919
다,대학원과정,사회계열,2,경영ㆍ경제,201,경영학,20101,기업재난관리학과,G02010100920
다,대학원과정,사회계열,2,경영ㆍ경제,201,경영학,20101,지역전략정책학과,G02010100921
다,대학원과정,사회계열,2,경영ㆍ경제,201,경영학,20101,헬스케어MBA,G02010100922
다,대학원과정,사회계열,2,경영ㆍ경제,201,경영학,20101,협동조합MBA전공,G02010100923
다,대학원과정,사회계열,2,경영ㆍ경제,201,경영학,20101,경영학과_빅데이터경영전공,G02010100924
다,대학원과정,사회계열,2,경영ㆍ경제,201,경영학,20101,솔브릿지국제경영학과,G02010100925
다,대학원과정,사회계열,2,경영ㆍ경제,201,경영학,20101,고용서비스학과,G02010100926
다,대학원과정,사회계열,2,경영ㆍ경제,201,경영학,20101,식품외식학과,G02010100927
다,대학원과정,사회계열,2,경영ㆍ경제,201,경영학,20101,사회적기업학전공,G02010100928
다,대학원과정,사회계열,2,경영ㆍ경제,201,경영학,20101,안보・공익경영학과,G02010100929
다,대학원과정,사회계열,2,경영ㆍ경제,201,경영학,20101,마케팅 MBA,G02010100930
다,대학원과정,사회계열,2,경영ㆍ경제,201,경영학,20101,제병경영학과,G02010100931
다,대학원과정,사회계열,2,경영ㆍ경제,201,경영학,20101,주택도시경영학과,G02010100932
다,대학원과정,사회계열,2,경영ㆍ경제,201,경영학,20101,이그제큐티브MBA,G02010100933
다,대학원과정,사회계열,2,경영ㆍ경제,201,경영학,20101,글로벌외식경영학과(학과간 협동과정),G02010100934
다,대학원과정,사회계열,2,경영ㆍ경제,201,경영학,20101,CHA-Bio MBA,G02010100935
다,대학원과정,사회계열,2,경영ㆍ경제,201,경영학,20101,한중부동산컨설팅전공,G02010100936
다,대학원과정,사회계열,2,경영ㆍ경제,201,경영학,20101,스타트업비즈니스학과,G02010100937
다,대학원과정,사회계열,2,경영ㆍ경제,201,경영학,20101,혁신코칭컨설팅학과,G02010100938
다,대학원과정,사회계열,2,경영ㆍ경제,201,경영학,20101,머천다이징경영학과,G02010100939
다,대학원과정,사회계열,2,경영ㆍ경제,201,경영학,20101,이미지경영학과,G02010100940
다,대학원과정,사회계열,2,경영ㆍ경제,201,경영학,20101,세일즈경영학과,G02010100941
다,대학원과정,사회계열,2,경영ㆍ경제,201,경영학,20101,글로벌창업학과,G02010100942
다,대학원과정,사회계열,2,경영ㆍ경제,201,경영학,20101,경영.금융학과,G02010100943
다,대학원과정,사회계열,2,경영ㆍ경제,201,경영학,20101,사회적경제협동과정,G02010100944
다,대학원과정,사회계열,2,경영ㆍ경제,201,경제학,20102,지역공공경제학전공,G02010200105
다,대학원과정,사회계열,2,경영ㆍ경제,201,경제학,20102,금융・연금경제학과,G02010200106
다,대학원과정,사회계열,2,경영ㆍ경제,201,경제학,20102,국토경제학과,G02010200107
다,대학원과정,사회계열,2,경영ㆍ경제,201,관광학,20103,의료관광산업학과,G02010300059
다,대학원과정,사회계열,2,경영ㆍ경제,201,관광학,20103,외식・조리학과,G02010300060
다,대학원과정,사회계열,2,경영ㆍ경제,201,관광학,20103,관광・서비스경영학과,G02010300061
다,대학원과정,사회계열,2,경영ㆍ경제,201,관광학,20103,호텔외식관광전공,G02010300062
다,대학원과정,사회계열,2,경영ㆍ경제,201,광고ㆍ홍보학,20104,광고미디어 MBA,G02010400040
다,대학원과정,사회계열,2,경영ㆍ경제,201,금융ㆍ회계ㆍ세무학,20105,국제금융기술학과,G02010500167
다,대학원과정,사회계열,2,경영ㆍ경제,201,금융ㆍ회계ㆍ세무학,20105,수리금융전공,G02010500168
다,대학원과정,사회계열,2,경영ㆍ경제,201,금융ㆍ회계ㆍ세무학,20105,금융・부동산학과,G02010500169
다,대학원과정,사회계열,2,경영ㆍ경제,201,금융ㆍ회계ㆍ세무학,20105,Finance/Accounting MBA,G02010500170
다,대학원과정,사회계열,2,경영ㆍ경제,201,금융ㆍ회계ㆍ세무학,20105,글로벌금융경영학과,G02010500171
다,대학원과정,사회계열,2,경영ㆍ경제,201,금융ㆍ회계ㆍ세무학,20105,부동산・자산관리학과 금융・부동산자산관리전공,G02010500172
다,대학원과정,사회계열,2,경영ㆍ경제,201,무역ㆍ유통학,20106,국제경제통상학과,G02010600132
다,대학원과정,사회계열,2,경영ㆍ경제,201,무역ㆍ유통학,20106,글로벌무역통상학과,G02010600133
다,대학원과정,사회계열,2,경영ㆍ경제,201,무역ㆍ유통학,20106,통상물류학과,G02010600134
다,대학원과정,사회계열,2,경영ㆍ경제,201,무역ㆍ유통학,20106,동북아통상비지니스학과,G02010600135
다,대학원과정,사회계열,2,경영ㆍ경제,201,무역ㆍ유통학,20106,농업정책및유통전공,G02010600136
다,대학원과정,사회계열,2,경영ㆍ경제,201,무역ㆍ유통학,20106,해양산업융복합전공,G02010600137
다,대학원과정,사회계열,2,경영ㆍ경제,201,무역ㆍ유통학,20106,해양정책융복합전공,G02010600138
다,대학원과정,사회계열,2,법률,202,법학,20201,한국법전공,G02020100159
다,대학원과정,사회계열,2,법률,202,법학,20201,글로벌지식재산학과,G02020100160
다,대학원과정,사회계열,2,법률,202,법학,20201,IT・정보보호법과정,G02020100161
다,대학원과정,사회계열,2,법률,202,법학,20201,국제통상・거래법무전공,G02020100162
다,대학원과정,사회계열,2,법률,202,법학,20201,교회법학과,G02020100163
다,대학원과정,사회계열,2,법률,202,법학,20201,공공인재법학과,G02020100164
다,대학원과정,사회계열,2,법률,202,법학,20201,기업법무학과,G02020100165
다,대학원과정,사회계열,2,법률,202,법학,20201,건설소송실무전공,G02020100166
다,대학원과정,사회계열,2,법률,202,법학,20201,경찰법무,G02020100167
다,대학원과정,사회계열,2,법률,202,법학,20201,공공정책학과 행정・법률서비스전공,G02020100168
다,대학원과정,사회계열,2,사회과학,203,가족ㆍ사회ㆍ복지학,20301,복지융합학과,G02030100254
다,대학원과정,사회계열,2,사회과학,203,가족ㆍ사회ㆍ복지학,20301,아동복지융합학과,G02030100255
다,대학원과정,사회계열,2,사회과학,203,가족ㆍ사회ㆍ복지학,20301,아동・청소년심리상담학과,G02030100256
다,대학원과정,사회계열,2,사회과학,203,가족ㆍ사회ㆍ복지학,20301,아동복지학과(영유아교육・보육),G02030100257
다,대학원과정,사회계열,2,사회과학,203,가족ㆍ사회ㆍ복지학,20301,아동・가족상담전공,G02030100258
다,대학원과정,사회계열,2,사회과학,203,가족ㆍ사회ㆍ복지학,20301,아동청소년상담심리학과,G02030100259
다,대학원과정,사회계열,2,사회과학,203,가족ㆍ사회ㆍ복지학,20301,복지・상담학과,G02030100260
다,대학원과정,사회계열,2,사회과학,203,가족ㆍ사회ㆍ복지학,20301,예술심리치료 및 상담학과,G02030100261
다,대학원과정,사회계열,2,사회과학,203,가족ㆍ사회ㆍ복지학,20301,중독상담학과,G02030100262
다,대학원과정,사회계열,2,사회과학,203,가족ㆍ사회ㆍ복지학,20301,여성학전공,G02030100263
다,대학원과정,사회계열,2,사회과학,203,가족ㆍ사회ㆍ복지학,20301,가족상담복지학과,G02030100264
다,대학원과정,사회계열,2,사회과학,203,가족ㆍ사회ㆍ복지학,20301,가족상담학전공,G02030100265
다,대학원과정,사회계열,2,사회과학,203,가족ㆍ사회ㆍ복지학,20301,미래산업융복합학과,G02030100266
다,대학원과정,사회계열,2,사회과학,203,가족ㆍ사회ㆍ복지학,20301,복지상담학과,G02030100267
다,대학원과정,사회계열,2,사회과학,203,국제학,20302,NGO학전공,G02030200066
다,대학원과정,사회계열,2,사회과학,203,국제학,20302,지역개발역량강화전공,G02030200067
다,대학원과정,사회계열,2,사회과학,203,국제학,20302,글로벌협력학과,G02030200068
다,대학원과정,사회계열,2,사회과학,203,국제학,20302,국제교양학과,G02030200069
다,대학원과정,사회계열,2,사회과학,203,국제학,20302,글로벌인텔리전스학과,G02030200070
다,대학원과정,사회계열,2,사회과학,203,도시ㆍ지역학,20303,도시부동산유통협동학과,G02030300082
다,대학원과정,사회계열,2,사회과학,203,사회학,20304,마을공동체전공,G02030400035
다,대학원과정,사회계열,2,사회과학,203,사회학,20304,미래시민리더십・거버넌스전공,G02030400036
다,대학원과정,사회계열,2,사회과학,203,언론ㆍ방송ㆍ매체학,20305,저널리즘・출판전공,G02030500133
다,대학원과정,사회계열,2,사회과학,203,언론ㆍ방송ㆍ매체학,20305,디지털저널리즘학과,G02030500134
다,대학원과정,사회계열,2,사회과학,203,정치외교학,20306,국제평화-거버넌스학과,G02030600127
다,대학원과정,사회계열,2,사회과학,203,정치외교학,20306,시민거버넌스전공,G02030600128
다,대학원과정,사회계열,2,사회과학,203,정치외교학,20306,대테러안보전공,G02030600129
다,대학원과정,사회계열,2,사회과학,203,정치외교학,20306,국제지역학과 국제정치학전공,G02030600130
다,대학원과정,사회계열,2,사회과학,203,정치외교학,20306,통일전략학과,G02030600131
다,대학원과정,사회계열,2,사회과학,203,행정학,20307,과학기술정책협동과정,G02030700363
다,대학원과정,사회계열,2,사회과학,203,행정학,20307,해양산업정책학과,G02030700364
다,대학원과정,사회계열,2,사회과학,203,행정학,20307,로컬거버넌스학과,G02030700365
다,대학원과정,사회계열,2,사회과학,203,행정학,20307,행정대학원,G02030700366
다,대학원과정,사회계열,2,사회과학,203,행정학,20307,영사행정학과,G02030700367
다,대학원과정,교육계열,3,교육일반,301,교육학,30101,교직과,G03010100236
다,대학원과정,교육계열,3,교육일반,301,교육학,30101,창의성・영재교육전공,G03010100237
다,대학원과정,교육계열,3,교육일반,301,교육학,30101,교육행정・리더십전공,G03010100238
다,대학원과정,교육계열,3,교육일반,301,교육학,30101,교육심리 및 교육상담전공,G03010100239
다,대학원과정,교육계열,3,교육일반,301,교육학,30101,교육방법 및 교육공학전공,G03010100240
다,대학원과정,교육계열,3,교육일반,301,교육학,30101,청소년교육방법전공,G03010100241
다,대학원과정,교육계열,3,교육일반,301,교육학,30101,국제교육개발협력전공,G03010100242
다,대학원과정,교육계열,3,교육일반,301,교육학,30101,상담교육심리전공,G03010100243
다,대학원과정,교육계열,3,교육일반,301,교육학,30101,교육행정・정책 전공,G03010100244
다,대학원과정,교육계열,3,교육일반,301,교육학,30101,융합교육학과,G03010100245
다,대학원과정,교육계열,3,유아교육,302,유아교육학,30201,유아.숲.자연교육학과(협동과정),G03020100048
다,대학원과정,교육계열,3,유아교육,302,유아교육학,30201,영유아교육학과,G03020100049
다,대학원과정,교육계열,3,유아교육,302,유아교육학,30201,유아과학교육전공,G03020100050
다,대학원과정,교육계열,3,유아교육,302,유아교육학,30201,유아교육기관경영전공,G03020100051
다,대학원과정,교육계열,3,유아교육,302,유아교육학,30201,유초등중국어교육학과,G03020100052
다,대학원과정,교육계열,3,특수교육,303,특수교육학,30301,발달장애지원학과,G03030100052
다,대학원과정,교육계열,3,특수교육,303,특수교육학,30301,장애아동보육학과,G03030100053
다,대학원과정,교육계열,3,특수교육,303,특수교육학,30301,초등특수교육및학습행동전문가전공,G03030100054
다,대학원과정,교육계열,3,초등교육,304,초등교육학,30401,소프트웨어교육전공,G03040100055
다,대학원과정,교육계열,3,초등교육,304,초등교육학,30401,수업코칭전공,G03040100056
다,대학원과정,교육계열,3,초등교육,304,초등교육학,30401,발명교육전공,G03040100057
다,대학원과정,교육계열,3,초등교육,304,초등교육학,30401,유아동미술교육,G03040100058
다,대학원과정,교육계열,3,초등교육,304,초등교육학,30401,글로벌교사교육전공,G03040100059
다,대학원과정,교육계열,3,초등교육,304,초등교육학,30401,진로교육상담전공,G03040100060
다,대학원과정,교육계열,3,초등교육,304,초등교육학,30401,글로컬시민교육,G03040100061
다,대학원과정,교육계열,3,초등교육,304,초등교육학,30401,진로체험및초등실과교육,G03040100062
다,대학원과정,교육계열,3,초등교육,304,초등교육학,30401,시각환경디자인교육전공,G03040100063
다,대학원과정,교육계열,3,초등교육,304,초등교육학,30401,정보융합교육전공,G03040100064
다,대학원과정,교육계열,3,초등교육,304,초등교육학,30401,아동문학전공,G03040100065
다,대학원과정,교육계열,3,초등교육,304,초등교육학,30401,생활융합교육전공,G03040100066
다,대학원과정,교육계열,3,초등교육,304,초등교육학,30401,건강스포츠교육전공,G03040100067
다,대학원과정,교육계열,3,중등교육,305,언어교육,30501,독서・논술・창작교육전공,G03050100078
다,대학원과정,교육계열,3,중등교육,305,인문교육,30502,문화콘텐츠교육전공,G03050200054
다,대학원과정,교육계열,3,중등교육,305,사회교육,30503,통합사회교육전공,G03050300045
다,대학원과정,교육계열,3,중등교육,305,공학교육,30504,정보전자교육전공,G03050400049
다,대학원과정,교육계열,3,중등교육,305,자연계교육,30505,통합과학교육전공,G03050500107
다,대학원과정,공학계열,4,건축,401,건축ㆍ 설비공학,40101,ICT융복합내진・초고층공학과,G04010100078
다,대학원과정,공학계열,4,건축,401,건축ㆍ 설비공학,40101,건설재료공학전공,G04010100079
다,대학원과정,공학계열,4,건축,401,건축ㆍ 설비공학,40101,건설융합공학과,G04010100080
다,대학원과정,공학계열,4,건축,401,건축ㆍ 설비공학,40101,건축도시시스템공학과,G04010100081
다,대학원과정,공학계열,4,건축,401,건축ㆍ 설비공학,40101,스마트도시・건설융합,G04010100082
다,대학원과정,공학계열,4,건축,401,건축ㆍ 설비공학,40101,건축환경・설비공학과,G04010100083
다,대학원과정,공학계열,4,건축,401,건축ㆍ 설비공학,40101,주택도시개발・관리학과,G04010100084
다,대학원과정,공학계열,4,건축,401,건축ㆍ 설비공학,40101,주택도시건축공학과,G04010100085
다,대학원과정,공학계열,4,건축,401,건축학,40102,건축및건축공학과(학연산협동과정),G04010200045
다,대학원과정,공학계열,4,건축,401,건축학,40102,주택・건축디자인학과,G04010200046
다,대학원과정,공학계열,4,건축,401,건축학,40102,해양문화디자인융복합전공,G04010200047
다,대학원과정,공학계열,4,건축,401,건축학,40102,전통건축학과,G04010200048
다,대학원과정,공학계열,4,건축,401,조경학,40103,조경건설공학과,G04010300015
다,대학원과정,공학계열,4,토목ㆍ도시,402,토목공학,40201,지질과학공학과,G04020100110
다,대학원과정,공학계열,4,토목ㆍ도시,402,토목공학,40201,사회환경플랜트공학과,G04020100111
다,대학원과정,공학계열,4,토목ㆍ도시,402,토목공학,40201,인프라시스템공학과,G04020100112
다,대학원과정,공학계열,4,토목ㆍ도시,402,도시공학,40202,재난안전학과,G04020200074
다,대학원과정,공학계열,4,토목ㆍ도시,402,도시공학,40202,방재안전공학과,G04020200075
다,대학원과정,공학계열,4,토목ㆍ도시,402,도시공학,40202,도시기반학과,G04020200076
다,대학원과정,공학계열,4,토목ㆍ도시,402,도시공학,40202,공간정보전공,G04020200077
다,대학원과정,공학계열,4,토목ㆍ도시,402,도시공학,40202,도시개발・정책학과,G04020200078
다,대학원과정,공학계열,4,토목ㆍ도시,402,도시공학,40202,스마트시티안전융합학과,G04020200079
다,대학원과정,공학계열,4,교통ㆍ운송,403,항공학,40302,우주탐사공학학제전공,G04030200048
다,대학원과정,공학계열,4,기계ㆍ금속,404,기계공학,40401,건설기계공학과(한국생산기술연구원),G04040100120
다,대학원과정,공학계열,4,기계ㆍ금속,404,기계공학,40401,한국생산기술연구원 학・연협동과정,G04040100121
다,대학원과정,공학계열,4,기계ㆍ금속,404,기계공학,40401,기계융합기술전공,G04040100122
다,대학원과정,공학계열,4,기계ㆍ금속,404,기계공학,40401,첨단혁신제조협동과정,G04040100123
다,대학원과정,공학계열,4,기계ㆍ금속,404,기계공학,40401,환경고압기계전공,G04040100124
다,대학원과정,공학계열,4,기계ㆍ금속,404,기계공학,40401,기계디자인금형공학과,G04040100125
다,대학원과정,공학계열,4,기계ㆍ금속,404,기계공학,40401,기계디자인금형공학과(학연),G04040100126
다,대학원과정,공학계열,4,기계ㆍ금속,404,기계공학,40401,스마트생산융합시스템공학과(학연),G04040100127
다,대학원과정,공학계열,4,기계ㆍ금속,404,금속공학,40402,학.연.산협동과정 금속공학과,G04040200014
다,대학원과정,공학계열,4,기계ㆍ금속,404,자동차공학,40403,자동차ICT공학과,G04040300031
다,대학원과정,공학계열,4,기계ㆍ금속,404,자동차공학,40403,스마트카,G04040300032
다,대학원과정,공학계열,4,기계ㆍ금속,404,자동차공학,40403,미래형자동차공학전공(학과간협동과정),G04040300033
다,대학원과정,공학계열,4,기계ㆍ금속,404,자동차공학,40403,첨단기계・자동차공학전공,G04040300034
다,대학원과정,공학계열,4,전기ㆍ전자,405,전자공학,40502,바이오ICT융합공학과,G04050200128
다,대학원과정,공학계열,4,전기ㆍ전자,405,전자공학,40502,IoT전자공학과,G04050200129
다,대학원과정,공학계열,4,전기ㆍ전자,405,제어계측공학,40503,로봇융합전공,G04050300036
다,대학원과정,공학계열,4,전기ㆍ전자,405,제어계측공학,40503,IT융합지능로봇공학과,G04050300037
다,대학원과정,공학계열,4,정밀ㆍ에너지,406,에너지공학,40602,원자력・에너지시스템공학과,G04060200161
다,대학원과정,공학계열,4,정밀ㆍ에너지,406,에너지공학,40602,에너지기후융합기술학과,G04060200162
다,대학원과정,공학계열,4,정밀ㆍ에너지,406,에너지공학,40602,수소에너지안전기술공학과,G04060200163
다,대학원과정,공학계열,4,정밀ㆍ에너지,406,에너지공학,40602,기후・에너지시스템공학과,G04060200164
다,대학원과정,공학계열,4,정밀ㆍ에너지,406,에너지공학,40602,ET-GT 융합,G04060200165
다,대학원과정,공학계열,4,정밀ㆍ에너지,406,에너지공학,40602,에너지-환경 융합,G04060200166
다,대학원과정,공학계열,4,정밀ㆍ에너지,406,에너지공학,40602,융합에너지학과,G04060200167
다,대학원과정,공학계열,4,소재ㆍ재료,407,반도체ㆍ세라믹공학,40701,반도체및시스템공학과(학연산협동과정),G04070100048
다,대학원과정,공학계열,4,소재ㆍ재료,407,섬유공학,40702,섬유・신소재공학전공,G04070200023
다,대학원과정,공학계열,4,소재ㆍ재료,407,섬유공학,40702,탄소소재파이버공학과,G04070200024
다,대학원과정,공학계열,4,소재ㆍ재료,407,섬유공학,40702,탄소소재파이버공학과(학연산),G04070200025
다,대학원과정,공학계열,4,소재ㆍ재료,407,신소재공학,40703,신소재・부품공학과,G04070300109
다,대학원과정,공학계열,4,소재ㆍ재료,407,신소재공학,40703,신소재공학과(학연),G04070300110
다,대학원과정,공학계열,4,소재ㆍ재료,407,재료공학,40704,NT-IT 융합,G04070400064
다,대학원과정,공학계열,4,소재ㆍ재료,407,재료공학,40704,나노-정보 융합,G04070400065
다,대학원과정,공학계열,4,소재ㆍ재료,407,재료공학,40704,재료화학공학과,G04070400066
다,대학원과정,공학계열,4,컴퓨터ㆍ통신,408,전산학ㆍ컴퓨터공학,40801,뉴미디어학부 미디어공학전공,G04080100151
다,대학원과정,공학계열,4,컴퓨터ㆍ통신,408,전산학ㆍ컴퓨터공학,40801,컴퓨터과학과(공학),G04080100152
다,대학원과정,공학계열,4,컴퓨터ㆍ통신,408,전산학ㆍ컴퓨터공학,40801,교육과미디어융합전공,G04080100153
다,대학원과정,공학계열,4,컴퓨터ㆍ통신,408,전산학ㆍ컴퓨터공학,40801,빅데이터전공,G04080100154
다,대학원과정,공학계열,4,컴퓨터ㆍ통신,408,응용소프트웨어공학,40802,지능정보시스템임베디드SW공학과,G04080200095
다,대학원과정,공학계열,4,컴퓨터ㆍ통신,408,응용소프트웨어공학,40802,디지털금융공학과,G04080200096
다,대학원과정,공학계열,4,컴퓨터ㆍ통신,408,응용소프트웨어공학,40802,스마트미디어학과,G04080200097
다,대학원과정,공학계열,4,컴퓨터ㆍ통신,408,정보ㆍ통신공학,40803,인공지능공학과,G04080300353
다,대학원과정,공학계열,4,컴퓨터ㆍ통신,408,정보ㆍ통신공학,40803,IT컨버전스학과,G04080300354
다,대학원과정,공학계열,4,컴퓨터ㆍ통신,408,정보ㆍ통신공학,40803,ICT융합학과,G04080300355
다,대학원과정,공학계열,4,컴퓨터ㆍ통신,408,정보ㆍ통신공학,40803,빅데이터산업보안학과,G04080300356
다,대학원과정,공학계열,4,컴퓨터ㆍ통신,408,정보ㆍ통신공학,40803,국방융합공학협동과정,G04080300357
다,대학원과정,공학계열,4,컴퓨터ㆍ통신,408,정보ㆍ통신공학,40803,융합IT공학과,G04080300358
다,대학원과정,공학계열,4,컴퓨터ㆍ통신,408,정보ㆍ통신공학,40803,전자정보시스템공학과,G04080300359
다,대학원과정,공학계열,4,컴퓨터ㆍ통신,408,정보ㆍ통신공학,40803,융합정보기술학과,G04080300360
다,대학원과정,공학계열,4,산업공학,409,산업공학,40901,산업안전소방방재학과,G04090100135
다,대학원과정,공학계열,4,산업공학,409,산업공학,40901,품질・기술경영전공,G04090100136
다,대학원과정,공학계열,4,산업공학,409,산업공학,40901,스마트팩토리융합전공,G04090100137
다,대학원과정,공학계열,4,산업공학,409,산업공학,40901,스마트생산경영공학과,G04090100138
다,대학원과정,공학계열,4,산업공학,409,산업공학,40901,스마트팩토리학학과간협동과정,G04090100139
다,대학원과정,공학계열,4,화공,410,화학공학,41001,화학소재 및 공정,G04100100106
다,대학원과정,공학계열,4,화공,410,화학공학,41001,화학공학과(학연),G04100100107
다,대학원과정,공학계열,4,화공,410,화학공학,41001,그린화학공학과,G04100100108
다,대학원과정,공학계열,4,기타,411,기전공학,41101,로봇자동화공학과,G04110100063
다,대학원과정,공학계열,4,기타,411,기전공학,41101,메카융합공학과,G04110100064
다,대학원과정,공학계열,4,기타,411,기전공학,41101,스마트운행체공학과,G04110100065
다,대학원과정,공학계열,4,기타,411,응용공학,41102,융합기술원 융합기술학제학부,G04110200180
다,대학원과정,공학계열,4,기타,411,응용공학,41102,NBIT융합전공,G04110200181
다,대학원과정,공학계열,4,기타,411,응용공학,41102,융합디자인테크놀로지학과,G04110200182
다,대학원과정,공학계열,4,기타,411,응용공학,41102,미디어・디자인공학과,G04110200183
다,대학원과정,공학계열,4,기타,411,응용공학,41102,융합국방학과,G04110200184
다,대학원과정,공학계열,4,기타,411,응용공학,41102,창업융합학과,G04110200185
다,대학원과정,공학계열,4,기타,411,응용공학,41102,창업융합,G04110200186
다,대학원과정,공학계열,4,기타,411,응용공학,41102,지식재산융합학과,G04110200187
다,대학원과정,공학계열,4,기타,411,응용공학,41102,재난안전학학과간협동과정,G04110200188
다,대학원과정,공학계열,4,기타,411,응용공학,41102,화장품소재공학과,G04110200189
다,대학원과정,공학계열,4,기타,411,응용공학,41102,스마트융합공학과,G04110200190
다,대학원과정,공학계열,4,기타,411,응용공학,41102,융합공학과(학연산협동과정),G04110200191
다,대학원과정,공학계열,4,기타,411,응용공학,41102,소방안전학과,G04110200192
다,대학원과정,공학계열,4,기타,411,응용공학,41102,의공학-바이오소재 융합 협동과정(학연),G04110200193
다,대학원과정,공학계열,4,기타,411,응용공학,41102,화장품공학과,G04110200194
다,대학원과정,공학계열,4,기타,411,응용공학,41102,건설안전보건학과,G04110200195
다,대학원과정,공학계열,4,기타,411,응용공학,41102,공정안전관리학과,G04110200196
다,대학원과정,공학계열,4,기타,411,응용공학,41102,이노베이션공학과,G04110200197
다,대학원과정,공학계열,4,기타,411,응용공학,41102,첨단융복합공학과,G04110200198
다,대학원과정,공학계열,4,기타,411,응용공학,41102,소방안전방재학과,G04110200199
다,대학원과정,공학계열,4,기타,411,응용공학,41102,미래융합기술학과,G04110200200
다,대학원과정,공학계열,4,기타,411,응용공학,41102,건설안전학과,G04110200201
다,대학원과정,공학계열,4,기타,411,응용공학,41102,방재공학학과간협동과정,G04110200202
다,대학원과정,공학계열,4,기타,411,교양공학,41103,공학교육전공,G04110300032
다,대학원과정,자연계열,5,농림ㆍ수산,501,농업학,50101,스마트 Agro_ICT 융합학과,G05010100080
다,대학원과정,자연계열,5,농림ㆍ수산,501,농업학,50101,생약자원학과,G05010100081
다,대학원과정,자연계열,5,농림ㆍ수산,501,농업학,50101,식량자원과학과,G05010100082
다,대학원과정,자연계열,5,농림ㆍ수산,501,농업학,50101,줄기세포재생공(학연산)학과,G05010100083
다,대학원과정,자연계열,5,농림ㆍ수산,501,농업학,50101,줄기세포재생공학과,G05010100084
다,대학원과정,자연계열,5,농림ㆍ수산,501,농업학,50101,농림축산검역본부 학연산협동과정,G05010100085
다,대학원과정,자연계열,5,농림ㆍ수산,501,농업학,50101,식물바이오융합학과,G05010100086
다,대학원과정,자연계열,5,농림ㆍ수산,501,수산학,50102,수산생물복지학과,G05010200029
다,대학원과정,자연계열,5,농림ㆍ수산,501,수산학,50102,수산학부,G05010200030
다,대학원과정,자연계열,5,농림ㆍ수산,501,수산학,50102,양식기술전공,G05010200031
다,대학원과정,자연계열,5,농림ㆍ수산,501,수산학,50102,수산자원관리전공,G05010200032
다,대학원과정,자연계열,5,농림ㆍ수산,501,수산학,50102,사회과학전공,G05010200033
다,대학원과정,자연계열,5,농림ㆍ수산,501,산림ㆍ원예학,50103,목재응용과학과,G05010300053
다,대학원과정,자연계열,5,농림ㆍ수산,501,산림ㆍ원예학,50103,목재응용과학과(학연산),G05010300054
다,대학원과정,자연계열,5,생물ㆍ화학ㆍ환경,502,생명과학,50201,생명・나노바이오공학과,G05020100302
다,대학원과정,자연계열,5,생물ㆍ화학ㆍ환경,502,생명과학,50201,한방바이오학과,G05020100303
다,대학원과정,자연계열,5,생물ㆍ화학ㆍ환경,502,생명과학,50201,생명과학,G05020100304
다,대학원과정,자연계열,5,생물ㆍ화학ㆍ환경,502,생명과학,50201,Bio-Med 융합,G05020100305
다,대학원과정,자연계열,5,생물ㆍ화학ㆍ환경,502,생명과학,50201,생물정보학및장수과학전공,G05020100306
다,대학원과정,자연계열,5,생물ㆍ화학ㆍ환경,502,생명과학,50201,헬스테크놀로지전공,G05020100307
다,대학원과정,자연계열,5,생물ㆍ화학ㆍ환경,502,생명과학,50201,암의생명과학과,G05020100308
다,대학원과정,자연계열,5,생물ㆍ화학ㆍ환경,502,생명과학,50201,융합오믹스・의생명과학협동과정,G05020100309
다,대학원과정,자연계열,5,생물ㆍ화학ㆍ환경,502,생명과학,50201,바이오-메디컬 융합,G05020100310
다,대학원과정,자연계열,5,생물ㆍ화학ㆍ환경,502,생명과학,50201,피부응용과학협동과정,G05020100311
다,대학원과정,자연계열,5,생물ㆍ화학ㆍ환경,502,생물학,50202,"생물학과(국립생태원, 농촌진흥청)",G05020200116
다,대학원과정,자연계열,5,생물ㆍ화학ㆍ환경,502,화학,50205,화장품산업학과,G05020500038
다,대학원과정,자연계열,5,생물ㆍ화학ㆍ환경,502,화학,50205,분자과학기술전공,G05020500039
다,대학원과정,자연계열,5,생활과학,503,식품영양학,50302,커피학과,G05030200148
다,대학원과정,자연계열,5,생활과학,503,식품영양학,50302,식품생명산업학과,G05030200149
다,대학원과정,자연계열,5,생활과학,503,식품영양학,50302,농생명식품산업학과,G05030200150
다,대학원과정,자연계열,5,생활과학,503,식품영양학,50302,축산식품생명공(학연산)학과,G05030200151
다,대학원과정,자연계열,5,생활과학,503,식품영양학,50302,축산식품생명공학과,G05030200152
다,대학원과정,자연계열,5,생활과학,503,의류ㆍ의상학,50303,이미지산업학과,G05030300046
다,대학원과정,자연계열,5,생활과학,503,의류ㆍ의상학,50303,문화유산보존과학전공,G05030300047
다,대학원과정,자연계열,5,생활과학,503,교양생활과학,50304,뷰티디자인경영학과,G05030400026
다,대학원과정,자연계열,5,수학ㆍ물리 ㆍ 천문ㆍ지리,504,수학,50401,금융수학과,G05040100026
다,대학원과정,자연계열,5,수학ㆍ물리 ㆍ 천문ㆍ지리,504,물리ㆍ과학,50403,물리·천문학부,G05040300104
다,대학원과정,자연계열,5,수학ㆍ물리 ㆍ 천문ㆍ지리,504,지구ㆍ지리학,50405,기후시스템전공,G05040500037
다,대학원과정,자연계열,5,수학ㆍ물리 ㆍ 천문ㆍ지리,504,교양자연과학,50406,과학기술인문학협동과정,G05040600013
다,대학원과정,의약계열,6,의료,601,의학,60101,인문사회의학 학과간협동과정,G06010100069
다,대학원과정,의약계열,6,간호,602,간호학,60201,노인건강간호학과,G06020100046
다,대학원과정,의약계열,6,치료ㆍ보건,604,보건학,60401,환경및국제보건학과,G06040100134
다,대학원과정,의약계열,6,치료ㆍ보건,604,보건학,60401,보건안전융합과학과,G06040100135
다,대학원과정,의약계열,6,치료ㆍ보건,604,보건학,60401,보건융합학과,G06040100136
다,대학원과정,의약계열,6,치료ㆍ보건,604,보건학,60401,안전보건전문학과,G06040100137
다,대학원과정,의약계열,6,치료ㆍ보건,604,보건학,60401,암관리학과,G06040100138
다,대학원과정,의약계열,6,치료ㆍ보건,604,보건학,60401,글로벌보건안보전공,G06040100139
다,대학원과정,의약계열,6,치료ㆍ보건,604,재활학,60402,심리・행동치료학과,G06040200138
다,대학원과정,의약계열,6,치료ㆍ보건,604,재활학,60402,선수트레이닝전공,G06040200139
다,대학원과정,의약계열,6,치료ㆍ보건,604,재활학,60402,임상운동전공,G06040200140
다,대학원과정,의약계열,6,치료ㆍ보건,604,재활학,60402,청각재활학과,G06040200141
다,대학원과정,의약계열,6,치료ㆍ보건,604,재활학,60402,언어청각재활학과,G06040200142
다,대학원과정,의약계열,6,치료ㆍ보건,604,재활학,60402,심리운동학과,G06040200143
다,대학원과정,의약계열,6,치료ㆍ보건,604,재활학,60402,헬스케어매니지먼트학과,G06040200144
다,대학원과정,의약계열,6,치료ㆍ보건,604,재활학,60402,건강재활학과,G06040200145
다,대학원과정,의약계열,6,치료ㆍ보건,604,의료공학,60403,휴먼기계바이오공학부,G06040300064
다,대학원과정,의약계열,6,치료ㆍ보건,604,의료공학,60403,바이오메디컬공학협동과정,G06040300065
다,대학원과정,의약계열,6,치료ㆍ보건,604,의료공학,60403,글로벌바이오메디컬공학과,G06040300066
다,대학원과정,예체능계열,7,디자인,701,산업디자인,70102,운송디자인전공,G07010200021
다,대학원과정,예체능계열,7,디자인,701,산업디자인,70102,산업디자인과(학연산),G07010200022
다,대학원과정,예체능계열,7,디자인,701,패션디자인,70104,의상텍스타일디자인학과,G07010400023
다,대학원과정,예체능계열,7,디자인,701,기타디자인,70105,공간문화학과,G07010500252
다,대학원과정,예체능계열,7,디자인,701,기타디자인,70105,리빙아키텍쳐글라스전공,G07010500253
다,대학원과정,예체능계열,7,디자인,701,기타디자인,70105,영상・콘텐츠디자인학과,G07010500254
다,대학원과정,예체능계열,7,디자인,701,기타디자인,70105,문화예술디자인융합학과,G07010500255
다,대학원과정,예체능계열,7,디자인,701,기타디자인,70105,디자인융합,G07010500256
다,대학원과정,예체능계열,7,응용예술,702,공예,70201,세라믹아트공학과,G07020100044
다,대학원과정,예체능계열,7,응용예술,702,공예,70201,전통미술공예학과,G07020100045
다,대학원과정,예체능계열,7,응용예술,702,영상ㆍ예술,70203,뉴미디어학부 융합미디어전공,G07020300189
다,대학원과정,예체능계열,7,응용예술,702,영상ㆍ예술,70203,미디어영상학과,G07020300190
다,대학원과정,예체능계열,7,응용예술,702,영상ㆍ예술,70203,방송광고미디어공연예술학과,G07020300191
다,대학원과정,예체능계열,7,응용예술,702,영상ㆍ예술,70203,뉴미디어아트학과,G07020300192
다,대학원과정,예체능계열,7,응용예술,702,영상ㆍ예술,70203,향장예술학과,G07020300193
다,대학원과정,예체능계열,7,응용예술,702,영상ㆍ예술,70203,문화예술공연전공,G07020300194
다,대학원과정,예체능계열,7,무용ㆍ체육,703,체육,70302,보건・특수체육학과,G07030200152
다,대학원과정,예체능계열,7,무용ㆍ체육,703,체육,70302,한양방스포츠건강관리학과,G07030200153
다,대학원과정,예체능계열,7,무용ㆍ체육,703,체육,70302,골프레저경영학과,G07030200154
다,대학원과정,예체능계열,7,무용ㆍ체육,703,체육,70302,스포츠건강융합학과,G07030200155
다,대학원과정,예체능계열,7,무용ㆍ체육,703,체육,70302,스포츠재활학과,G07030200156
다,대학원과정,예체능계열,7,무용ㆍ체육,703,체육,70302,스포츠청소년지도전공,G07030200157
다,대학원과정,예체능계열,7,무용ㆍ체육,703,체육,70302,장애인체육전공,G07030200158
다,대학원과정,예체능계열,7,무용ㆍ체육,703,체육,70302,스포츠건강과학학과,G07030200159
다,대학원과정,예체능계열,7,무용ㆍ체육,703,체육,70302,스포츠융합공학학과,G07030200160
다,대학원과정,예체능계열,7,무용ㆍ체육,703,체육,70302,문화스포츠복지전공,G07030200161
다,대학원과정,예체능계열,7,무용ㆍ체육,703,체육,70302,스포츠응용산업학과,G07030200162
다,대학원과정,예체능계열,7,미술ㆍ조형,704,순수미술,70401,미술학과 서예학전공,G07040100050
다,대학원과정,예체능계열,7,미술ㆍ조형,704,순수미술,70401,글로벌파인아트학과,G07040100051
다,대학원과정,예체능계열,7,미술ㆍ조형,704,조형,70403,창업조형학과,G07040300034
다,대학원과정,예체능계열,7,연극ㆍ영화,705,연극ㆍ영화,70501,공연콘텐츠학과,G07050100041
다,대학원과정,예체능계열,7,음악,706,기타음악,70606,컨템퍼러리뮤직학과,G07060600043
다,대학원과정,예체능계열,7,음악,706,기타음악,70606,합창지휘학과,G07060600044
다,대학원과정,예체능계열,7,음악,706,기타음악,70606,신학과(교회음악과정),G07060600045
다,대학원과정,예체능계열,7,음악,706,기타음악,70606,음악테크놀러지학과,G07060600046
다,대학원과정,예체능계열,7,음악,706,기타음악,70606,뮤지컬·실용음악학과,G07060600047
다,대학원과정,예체능계열,7,음악,706,기타음악,70606,뮤직테크놀로지전공,G07060600048
다,대학원과정,예체능계열,7,음악,706,기타음악,70606,글로벌뮤직학과,G07060600049
